<?xml version="1.0"?><?xml-stylesheet type="text/xsl" href="tool/template/base.xslt"?>
<Report>
	<ReportHeader>
		<ClassName><![CDATA[AVH_TriggerDeactivation]]></ClassName>
		<ClassVersion><![CDATA[1.0.]]></ClassVersion>
		<CompleteVerdict><![CDATA[Failed]]></CompleteVerdict>
	</ReportHeader>
	<TestModules>
				<TestModule>
			<TestModuleName><![CDATA[TM_AVH_TriggerDeactivation_Calc]]></TestModuleName>
			<TestModuleVerdict><![CDATA[Failed]]></TestModuleVerdict>
			<TestCases>
								<TestCase>
					<TestCaseName><![CDATA[TM_AVH_TriggerDeactivation_Calc_TC001]]></TestCaseName>
					<TestCaseVerdict><![CDATA[Failed]]></TestCaseVerdict>
					<OutputSignals>
												<SignalDetails>
							<SignalName><![CDATA[ApbButtonRelease_B]]></SignalName>
							<SignalVerdict><![CDATA[Pass]]></SignalVerdict>
							<TDValue><![CDATA[0]]></TDValue>
							<PltValue><![CDATA[0.0]]></PltValue>
							<Tolerance><![CDATA[1.0]]></Tolerance>
						</SignalDetails>
						<SignalDetails>
							<SignalName><![CDATA[AvhState]]></SignalName>
							<SignalVerdict><![CDATA[Failed]]></SignalVerdict>
							<TDValue><![CDATA[AVHState_Deactivation]]></TDValue>
							<PltValue><![CDATA[AVHState_Deactivation]]></PltValue>
							<Tolerance><![CDATA[1.0]]></Tolerance>
						</SignalDetails>
						<SignalDetails>
							<SignalName><![CDATA[DriverBrakeApplied]]></SignalName>
							<SignalVerdict><![CDATA[Pass]]></SignalVerdict>
							<TDValue><![CDATA[1]]></TDValue>
							<PltValue><![CDATA[1.0]]></PltValue>
							<Tolerance><![CDATA[1.0]]></Tolerance>
						</SignalDetails>
						<SignalDetails>
							<SignalName><![CDATA[DriveOff_B]]></SignalName>
							<SignalVerdict><![CDATA[Pass]]></SignalVerdict>
							<TDValue><![CDATA[0]]></TDValue>
							<PltValue><![CDATA[0.0]]></PltValue>
							<Tolerance><![CDATA[1.0]]></Tolerance>
						</SignalDetails>
						<SignalDetails>
							<SignalName><![CDATA[SsmEna_AVH]]></SignalName>
							<SignalVerdict><![CDATA[Pass]]></SignalVerdict>
							<TDValue><![CDATA[1]]></TDValue>
							<PltValue><![CDATA[1.0]]></PltValue>
							<Tolerance><![CDATA[1.0]]></Tolerance>
						</SignalDetails>
						<SignalDetails>
							<SignalName><![CDATA[SsmVehSecured]]></SignalName>
							<SignalVerdict><![CDATA[Pass]]></SignalVerdict>
							<TDValue><![CDATA[0]]></TDValue>
							<PltValue><![CDATA[0.0]]></PltValue>
							<Tolerance><![CDATA[1.0]]></Tolerance>
						</SignalDetails>
						<SignalDetails>
							<SignalName><![CDATA[DriverOffRequested]]></SignalName>
							<SignalVerdict><![CDATA[Pass]]></SignalVerdict>
							<TDValue><![CDATA[0]]></TDValue>
							<PltValue><![CDATA[0.0]]></PltValue>
							<Tolerance><![CDATA[1.0]]></Tolerance>
						</SignalDetails>
						<SignalDetails>
							<SignalName><![CDATA[SsmTimeUp_B]]></SignalName>
							<SignalVerdict><![CDATA[Pass]]></SignalVerdict>
							<TDValue><![CDATA[0]]></TDValue>
							<PltValue><![CDATA[0.0]]></PltValue>
							<Tolerance><![CDATA[1.0]]></Tolerance>
						</SignalDetails>
						<SignalDetails>
							<SignalName><![CDATA[AvhValidGearSelected]]></SignalName>
							<SignalVerdict><![CDATA[Pass]]></SignalVerdict>
							<TDValue><![CDATA[1]]></TDValue>
							<PltValue><![CDATA[1.0]]></PltValue>
							<Tolerance><![CDATA[1.0]]></Tolerance>
						</SignalDetails>
						<SignalDetails>
							<SignalName><![CDATA[vhcNRollPrevOver_B]]></SignalName>
							<SignalVerdict><![CDATA[Pass]]></SignalVerdict>
							<TDValue><![CDATA[0]]></TDValue>
							<PltValue><![CDATA[0.0]]></PltValue>
							<Tolerance><![CDATA[1.0]]></Tolerance>
						</SignalDetails>
						<SignalDetails>
							<SignalName><![CDATA[trig_StandbyOffTkOver]]></SignalName>
							<SignalVerdict><![CDATA[Pass]]></SignalVerdict>
							<TDValue><![CDATA[0]]></TDValue>
							<PltValue><![CDATA[0.0]]></PltValue>
							<Tolerance><![CDATA[1.0]]></Tolerance>
						</SignalDetails>
						<SignalDetails>
							<SignalName><![CDATA[trig_StandbyOffRelease]]></SignalName>
							<SignalVerdict><![CDATA[Pass]]></SignalVerdict>
							<TDValue><![CDATA[1]]></TDValue>
							<PltValue><![CDATA[1.0]]></PltValue>
							<Tolerance><![CDATA[1.0]]></Tolerance>
						</SignalDetails>
						<SignalDetails>
							<SignalName><![CDATA[FS_AVHReleaseByAPBButton]]></SignalName>
							<SignalVerdict><![CDATA[Pass]]></SignalVerdict>
							<TDValue><![CDATA[1]]></TDValue>
							<PltValue><![CDATA[1.0]]></PltValue>
							<Tolerance><![CDATA[1.0]]></Tolerance>
						</SignalDetails>
						<SignalDetails>
							<SignalName><![CDATA[trig_DeactivateHydHold]]></SignalName>
							<SignalVerdict><![CDATA[Pass]]></SignalVerdict>
							<TDValue><![CDATA[1]]></TDValue>
							<PltValue><![CDATA[1.0]]></PltValue>
							<Tolerance><![CDATA[1.0]]></Tolerance>
						</SignalDetails>
						<SignalDetails>
							<SignalName><![CDATA[trig_DeactivateMechHoldWithPBCRelease]]></SignalName>
							<SignalVerdict><![CDATA[Pass]]></SignalVerdict>
							<TDValue><![CDATA[0]]></TDValue>
							<PltValue><![CDATA[0.0]]></PltValue>
							<Tolerance><![CDATA[1.0]]></Tolerance>
						</SignalDetails>
						<SignalDetails>
							<SignalName><![CDATA[trig_TakeOver]]></SignalName>
							<SignalVerdict><![CDATA[Pass]]></SignalVerdict>
							<TDValue><![CDATA[0]]></TDValue>
							<PltValue><![CDATA[0.0]]></PltValue>
							<Tolerance><![CDATA[1.0]]></Tolerance>
						</SignalDetails>
						<SignalDetails>
							<SignalName><![CDATA[trig_DeactivateMechHold]]></SignalName>
							<SignalVerdict><![CDATA[Pass]]></SignalVerdict>
							<TDValue><![CDATA[1]]></TDValue>
							<PltValue><![CDATA[1.0]]></PltValue>
							<Tolerance><![CDATA[1.0]]></Tolerance>
						</SignalDetails>

					</OutputSignals>
				</TestCase>
				<TestCase>
					<TestCaseName><![CDATA[TM_AVH_TriggerDeactivation_Calc_TC002]]></TestCaseName>
					<TestCaseVerdict><![CDATA[Failed]]></TestCaseVerdict>
					<OutputSignals>
												<SignalDetails>
							<SignalName><![CDATA[ApbButtonRelease_B]]></SignalName>
							<SignalVerdict><![CDATA[Pass]]></SignalVerdict>
							<TDValue><![CDATA[0]]></TDValue>
							<PltValue><![CDATA[0.0]]></PltValue>
							<Tolerance><![CDATA[1.0]]></Tolerance>
						</SignalDetails>
						<SignalDetails>
							<SignalName><![CDATA[AvhState]]></SignalName>
							<SignalVerdict><![CDATA[Failed]]></SignalVerdict>
							<TDValue><![CDATA[AVHState_Inactive]]></TDValue>
							<PltValue><![CDATA[0.0]]></PltValue>
							<Tolerance><![CDATA[1.0]]></Tolerance>
						</SignalDetails>
						<SignalDetails>
							<SignalName><![CDATA[DriverBrakeApplied]]></SignalName>
							<SignalVerdict><![CDATA[Pass]]></SignalVerdict>
							<TDValue><![CDATA[1]]></TDValue>
							<PltValue><![CDATA[1.0]]></PltValue>
							<Tolerance><![CDATA[1.0]]></Tolerance>
						</SignalDetails>
						<SignalDetails>
							<SignalName><![CDATA[DriveOff_B]]></SignalName>
							<SignalVerdict><![CDATA[Pass]]></SignalVerdict>
							<TDValue><![CDATA[1]]></TDValue>
							<PltValue><![CDATA[1.0]]></PltValue>
							<Tolerance><![CDATA[1.0]]></Tolerance>
						</SignalDetails>
						<SignalDetails>
							<SignalName><![CDATA[SsmEna_AVH]]></SignalName>
							<SignalVerdict><![CDATA[Pass]]></SignalVerdict>
							<TDValue><![CDATA[1]]></TDValue>
							<PltValue><![CDATA[1.0]]></PltValue>
							<Tolerance><![CDATA[1.0]]></Tolerance>
						</SignalDetails>
						<SignalDetails>
							<SignalName><![CDATA[SsmVehSecured]]></SignalName>
							<SignalVerdict><![CDATA[Pass]]></SignalVerdict>
							<TDValue><![CDATA[0]]></TDValue>
							<PltValue><![CDATA[0.0]]></PltValue>
							<Tolerance><![CDATA[1.0]]></Tolerance>
						</SignalDetails>
						<SignalDetails>
							<SignalName><![CDATA[DriverOffRequested]]></SignalName>
							<SignalVerdict><![CDATA[Pass]]></SignalVerdict>
							<TDValue><![CDATA[0]]></TDValue>
							<PltValue><![CDATA[0.0]]></PltValue>
							<Tolerance><![CDATA[1.0]]></Tolerance>
						</SignalDetails>
						<SignalDetails>
							<SignalName><![CDATA[SsmTimeUp_B]]></SignalName>
							<SignalVerdict><![CDATA[Pass]]></SignalVerdict>
							<TDValue><![CDATA[0]]></TDValue>
							<PltValue><![CDATA[0.0]]></PltValue>
							<Tolerance><![CDATA[1.0]]></Tolerance>
						</SignalDetails>
						<SignalDetails>
							<SignalName><![CDATA[AvhValidGearSelected]]></SignalName>
							<SignalVerdict><![CDATA[Pass]]></SignalVerdict>
							<TDValue><![CDATA[1]]></TDValue>
							<PltValue><![CDATA[1.0]]></PltValue>
							<Tolerance><![CDATA[1.0]]></Tolerance>
						</SignalDetails>
						<SignalDetails>
							<SignalName><![CDATA[vhcNRollPrevOver_B]]></SignalName>
							<SignalVerdict><![CDATA[Pass]]></SignalVerdict>
							<TDValue><![CDATA[0]]></TDValue>
							<PltValue><![CDATA[0.0]]></PltValue>
							<Tolerance><![CDATA[1.0]]></Tolerance>
						</SignalDetails>
						<SignalDetails>
							<SignalName><![CDATA[trig_StandbyOffTkOver]]></SignalName>
							<SignalVerdict><![CDATA[Pass]]></SignalVerdict>
							<TDValue><![CDATA[0]]></TDValue>
							<PltValue><![CDATA[0.0]]></PltValue>
							<Tolerance><![CDATA[1.0]]></Tolerance>
						</SignalDetails>
						<SignalDetails>
							<SignalName><![CDATA[trig_StandbyOffRelease]]></SignalName>
							<SignalVerdict><![CDATA[Pass]]></SignalVerdict>
							<TDValue><![CDATA[0]]></TDValue>
							<PltValue><![CDATA[0.0]]></PltValue>
							<Tolerance><![CDATA[1.0]]></Tolerance>
						</SignalDetails>
						<SignalDetails>
							<SignalName><![CDATA[FS_AVHReleaseByAPBButton]]></SignalName>
							<SignalVerdict><![CDATA[Pass]]></SignalVerdict>
							<TDValue><![CDATA[1]]></TDValue>
							<PltValue><![CDATA[1.0]]></PltValue>
							<Tolerance><![CDATA[1.0]]></Tolerance>
						</SignalDetails>
						<SignalDetails>
							<SignalName><![CDATA[trig_DeactivateHydHold]]></SignalName>
							<SignalVerdict><![CDATA[Pass]]></SignalVerdict>
							<TDValue><![CDATA[1]]></TDValue>
							<PltValue><![CDATA[1.0]]></PltValue>
							<Tolerance><![CDATA[1.0]]></Tolerance>
						</SignalDetails>
						<SignalDetails>
							<SignalName><![CDATA[trig_DeactivateMechHoldWithPBCRelease]]></SignalName>
							<SignalVerdict><![CDATA[Pass]]></SignalVerdict>
							<TDValue><![CDATA[1]]></TDValue>
							<PltValue><![CDATA[1.0]]></PltValue>
							<Tolerance><![CDATA[1.0]]></Tolerance>
						</SignalDetails>
						<SignalDetails>
							<SignalName><![CDATA[trig_TakeOver]]></SignalName>
							<SignalVerdict><![CDATA[Pass]]></SignalVerdict>
							<TDValue><![CDATA[0]]></TDValue>
							<PltValue><![CDATA[0.0]]></PltValue>
							<Tolerance><![CDATA[1.0]]></Tolerance>
						</SignalDetails>
						<SignalDetails>
							<SignalName><![CDATA[trig_DeactivateMechHold]]></SignalName>
							<SignalVerdict><![CDATA[Pass]]></SignalVerdict>
							<TDValue><![CDATA[0]]></TDValue>
							<PltValue><![CDATA[0.0]]></PltValue>
							<Tolerance><![CDATA[1.0]]></Tolerance>
						</SignalDetails>

					</OutputSignals>
				</TestCase>
				<TestCase>
					<TestCaseName><![CDATA[TM_AVH_TriggerDeactivation_Calc_TC003]]></TestCaseName>
					<TestCaseVerdict><![CDATA[Failed]]></TestCaseVerdict>
					<OutputSignals>
												<SignalDetails>
							<SignalName><![CDATA[ApbButtonRelease_B]]></SignalName>
							<SignalVerdict><![CDATA[Pass]]></SignalVerdict>
							<TDValue><![CDATA[0]]></TDValue>
							<PltValue><![CDATA[0.0]]></PltValue>
							<Tolerance><![CDATA[1.0]]></Tolerance>
						</SignalDetails>
						<SignalDetails>
							<SignalName><![CDATA[AvhState]]></SignalName>
							<SignalVerdict><![CDATA[Failed]]></SignalVerdict>
							<TDValue><![CDATA[AVHState_HydHold]]></TDValue>
							<PltValue><![CDATA[1.0]]></PltValue>
							<Tolerance><![CDATA[1.0]]></Tolerance>
						</SignalDetails>
						<SignalDetails>
							<SignalName><![CDATA[DriverBrakeApplied]]></SignalName>
							<SignalVerdict><![CDATA[Pass]]></SignalVerdict>
							<TDValue><![CDATA[1]]></TDValue>
							<PltValue><![CDATA[1.0]]></PltValue>
							<Tolerance><![CDATA[1.0]]></Tolerance>
						</SignalDetails>
						<SignalDetails>
							<SignalName><![CDATA[DriveOff_B]]></SignalName>
							<SignalVerdict><![CDATA[Pass]]></SignalVerdict>
							<TDValue><![CDATA[0]]></TDValue>
							<PltValue><![CDATA[0.0]]></PltValue>
							<Tolerance><![CDATA[1.0]]></Tolerance>
						</SignalDetails>
						<SignalDetails>
							<SignalName><![CDATA[SsmEna_AVH]]></SignalName>
							<SignalVerdict><![CDATA[Pass]]></SignalVerdict>
							<TDValue><![CDATA[0]]></TDValue>
							<PltValue><![CDATA[0.0]]></PltValue>
							<Tolerance><![CDATA[1.0]]></Tolerance>
						</SignalDetails>
						<SignalDetails>
							<SignalName><![CDATA[SsmVehSecured]]></SignalName>
							<SignalVerdict><![CDATA[Pass]]></SignalVerdict>
							<TDValue><![CDATA[0]]></TDValue>
							<PltValue><![CDATA[0.0]]></PltValue>
							<Tolerance><![CDATA[1.0]]></Tolerance>
						</SignalDetails>
						<SignalDetails>
							<SignalName><![CDATA[DriverOffRequested]]></SignalName>
							<SignalVerdict><![CDATA[Pass]]></SignalVerdict>
							<TDValue><![CDATA[0]]></TDValue>
							<PltValue><![CDATA[0.0]]></PltValue>
							<Tolerance><![CDATA[1.0]]></Tolerance>
						</SignalDetails>
						<SignalDetails>
							<SignalName><![CDATA[SsmTimeUp_B]]></SignalName>
							<SignalVerdict><![CDATA[Pass]]></SignalVerdict>
							<TDValue><![CDATA[0]]></TDValue>
							<PltValue><![CDATA[0.0]]></PltValue>
							<Tolerance><![CDATA[1.0]]></Tolerance>
						</SignalDetails>
						<SignalDetails>
							<SignalName><![CDATA[AvhValidGearSelected]]></SignalName>
							<SignalVerdict><![CDATA[Pass]]></SignalVerdict>
							<TDValue><![CDATA[1]]></TDValue>
							<PltValue><![CDATA[1.0]]></PltValue>
							<Tolerance><![CDATA[1.0]]></Tolerance>
						</SignalDetails>
						<SignalDetails>
							<SignalName><![CDATA[vhcNRollPrevOver_B]]></SignalName>
							<SignalVerdict><![CDATA[Pass]]></SignalVerdict>
							<TDValue><![CDATA[0]]></TDValue>
							<PltValue><![CDATA[0.0]]></PltValue>
							<Tolerance><![CDATA[1.0]]></Tolerance>
						</SignalDetails>
						<SignalDetails>
							<SignalName><![CDATA[trig_StandbyOffTkOver]]></SignalName>
							<SignalVerdict><![CDATA[Pass]]></SignalVerdict>
							<TDValue><![CDATA[0]]></TDValue>
							<PltValue><![CDATA[0.0]]></PltValue>
							<Tolerance><![CDATA[1.0]]></Tolerance>
						</SignalDetails>
						<SignalDetails>
							<SignalName><![CDATA[trig_StandbyOffRelease]]></SignalName>
							<SignalVerdict><![CDATA[Pass]]></SignalVerdict>
							<TDValue><![CDATA[0]]></TDValue>
							<PltValue><![CDATA[0.0]]></PltValue>
							<Tolerance><![CDATA[1.0]]></Tolerance>
						</SignalDetails>
						<SignalDetails>
							<SignalName><![CDATA[FS_AVHReleaseByAPBButton]]></SignalName>
							<SignalVerdict><![CDATA[Pass]]></SignalVerdict>
							<TDValue><![CDATA[1]]></TDValue>
							<PltValue><![CDATA[1.0]]></PltValue>
							<Tolerance><![CDATA[1.0]]></Tolerance>
						</SignalDetails>
						<SignalDetails>
							<SignalName><![CDATA[trig_DeactivateHydHold]]></SignalName>
							<SignalVerdict><![CDATA[Pass]]></SignalVerdict>
							<TDValue><![CDATA[1]]></TDValue>
							<PltValue><![CDATA[1.0]]></PltValue>
							<Tolerance><![CDATA[1.0]]></Tolerance>
						</SignalDetails>
						<SignalDetails>
							<SignalName><![CDATA[trig_DeactivateMechHoldWithPBCRelease]]></SignalName>
							<SignalVerdict><![CDATA[Pass]]></SignalVerdict>
							<TDValue><![CDATA[0]]></TDValue>
							<PltValue><![CDATA[0.0]]></PltValue>
							<Tolerance><![CDATA[1.0]]></Tolerance>
						</SignalDetails>
						<SignalDetails>
							<SignalName><![CDATA[trig_TakeOver]]></SignalName>
							<SignalVerdict><![CDATA[Pass]]></SignalVerdict>
							<TDValue><![CDATA[0]]></TDValue>
							<PltValue><![CDATA[0.0]]></PltValue>
							<Tolerance><![CDATA[1.0]]></Tolerance>
						</SignalDetails>
						<SignalDetails>
							<SignalName><![CDATA[trig_DeactivateMechHold]]></SignalName>
							<SignalVerdict><![CDATA[Pass]]></SignalVerdict>
							<TDValue><![CDATA[0]]></TDValue>
							<PltValue><![CDATA[0.0]]></PltValue>
							<Tolerance><![CDATA[1.0]]></Tolerance>
						</SignalDetails>

					</OutputSignals>
				</TestCase>
				<TestCase>
					<TestCaseName><![CDATA[TM_AVH_TriggerDeactivation_Calc_TC004]]></TestCaseName>
					<TestCaseVerdict><![CDATA[Failed]]></TestCaseVerdict>
					<OutputSignals>
												<SignalDetails>
							<SignalName><![CDATA[ApbButtonRelease_B]]></SignalName>
							<SignalVerdict><![CDATA[Pass]]></SignalVerdict>
							<TDValue><![CDATA[0]]></TDValue>
							<PltValue><![CDATA[0.0]]></PltValue>
							<Tolerance><![CDATA[1.0]]></Tolerance>
						</SignalDetails>
						<SignalDetails>
							<SignalName><![CDATA[AvhState]]></SignalName>
							<SignalVerdict><![CDATA[Failed]]></SignalVerdict>
							<TDValue><![CDATA[AVHState_MechHold]]></TDValue>
							<PltValue><![CDATA[2.0]]></PltValue>
							<Tolerance><![CDATA[1.0]]></Tolerance>
						</SignalDetails>
						<SignalDetails>
							<SignalName><![CDATA[DriverBrakeApplied]]></SignalName>
							<SignalVerdict><![CDATA[Pass]]></SignalVerdict>
							<TDValue><![CDATA[1]]></TDValue>
							<PltValue><![CDATA[1.0]]></PltValue>
							<Tolerance><![CDATA[1.0]]></Tolerance>
						</SignalDetails>
						<SignalDetails>
							<SignalName><![CDATA[DriveOff_B]]></SignalName>
							<SignalVerdict><![CDATA[Pass]]></SignalVerdict>
							<TDValue><![CDATA[0]]></TDValue>
							<PltValue><![CDATA[0.0]]></PltValue>
							<Tolerance><![CDATA[1.0]]></Tolerance>
						</SignalDetails>
						<SignalDetails>
							<SignalName><![CDATA[SsmEna_AVH]]></SignalName>
							<SignalVerdict><![CDATA[Pass]]></SignalVerdict>
							<TDValue><![CDATA[1]]></TDValue>
							<PltValue><![CDATA[1.0]]></PltValue>
							<Tolerance><![CDATA[1.0]]></Tolerance>
						</SignalDetails>
						<SignalDetails>
							<SignalName><![CDATA[SsmVehSecured]]></SignalName>
							<SignalVerdict><![CDATA[Pass]]></SignalVerdict>
							<TDValue><![CDATA[1]]></TDValue>
							<PltValue><![CDATA[1.0]]></PltValue>
							<Tolerance><![CDATA[1.0]]></Tolerance>
						</SignalDetails>
						<SignalDetails>
							<SignalName><![CDATA[DriverOffRequested]]></SignalName>
							<SignalVerdict><![CDATA[Pass]]></SignalVerdict>
							<TDValue><![CDATA[0]]></TDValue>
							<PltValue><![CDATA[0.0]]></PltValue>
							<Tolerance><![CDATA[1.0]]></Tolerance>
						</SignalDetails>
						<SignalDetails>
							<SignalName><![CDATA[SsmTimeUp_B]]></SignalName>
							<SignalVerdict><![CDATA[Pass]]></SignalVerdict>
							<TDValue><![CDATA[0]]></TDValue>
							<PltValue><![CDATA[0.0]]></PltValue>
							<Tolerance><![CDATA[1.0]]></Tolerance>
						</SignalDetails>
						<SignalDetails>
							<SignalName><![CDATA[AvhValidGearSelected]]></SignalName>
							<SignalVerdict><![CDATA[Pass]]></SignalVerdict>
							<TDValue><![CDATA[1]]></TDValue>
							<PltValue><![CDATA[1.0]]></PltValue>
							<Tolerance><![CDATA[1.0]]></Tolerance>
						</SignalDetails>
						<SignalDetails>
							<SignalName><![CDATA[vhcNRollPrevOver_B]]></SignalName>
							<SignalVerdict><![CDATA[Pass]]></SignalVerdict>
							<TDValue><![CDATA[0]]></TDValue>
							<PltValue><![CDATA[0.0]]></PltValue>
							<Tolerance><![CDATA[1.0]]></Tolerance>
						</SignalDetails>
						<SignalDetails>
							<SignalName><![CDATA[trig_StandbyOffTkOver]]></SignalName>
							<SignalVerdict><![CDATA[Pass]]></SignalVerdict>
							<TDValue><![CDATA[0]]></TDValue>
							<PltValue><![CDATA[0.0]]></PltValue>
							<Tolerance><![CDATA[1.0]]></Tolerance>
						</SignalDetails>
						<SignalDetails>
							<SignalName><![CDATA[trig_StandbyOffRelease]]></SignalName>
							<SignalVerdict><![CDATA[Pass]]></SignalVerdict>
							<TDValue><![CDATA[0]]></TDValue>
							<PltValue><![CDATA[0.0]]></PltValue>
							<Tolerance><![CDATA[1.0]]></Tolerance>
						</SignalDetails>
						<SignalDetails>
							<SignalName><![CDATA[FS_AVHReleaseByAPBButton]]></SignalName>
							<SignalVerdict><![CDATA[Pass]]></SignalVerdict>
							<TDValue><![CDATA[1]]></TDValue>
							<PltValue><![CDATA[1.0]]></PltValue>
							<Tolerance><![CDATA[1.0]]></Tolerance>
						</SignalDetails>
						<SignalDetails>
							<SignalName><![CDATA[trig_DeactivateHydHold]]></SignalName>
							<SignalVerdict><![CDATA[Pass]]></SignalVerdict>
							<TDValue><![CDATA[1]]></TDValue>
							<PltValue><![CDATA[1.0]]></PltValue>
							<Tolerance><![CDATA[1.0]]></Tolerance>
						</SignalDetails>
						<SignalDetails>
							<SignalName><![CDATA[trig_DeactivateMechHoldWithPBCRelease]]></SignalName>
							<SignalVerdict><![CDATA[Pass]]></SignalVerdict>
							<TDValue><![CDATA[0]]></TDValue>
							<PltValue><![CDATA[0.0]]></PltValue>
							<Tolerance><![CDATA[1.0]]></Tolerance>
						</SignalDetails>
						<SignalDetails>
							<SignalName><![CDATA[trig_TakeOver]]></SignalName>
							<SignalVerdict><![CDATA[Pass]]></SignalVerdict>
							<TDValue><![CDATA[0]]></TDValue>
							<PltValue><![CDATA[0.0]]></PltValue>
							<Tolerance><![CDATA[1.0]]></Tolerance>
						</SignalDetails>
						<SignalDetails>
							<SignalName><![CDATA[trig_DeactivateMechHold]]></SignalName>
							<SignalVerdict><![CDATA[Pass]]></SignalVerdict>
							<TDValue><![CDATA[1]]></TDValue>
							<PltValue><![CDATA[1.0]]></PltValue>
							<Tolerance><![CDATA[1.0]]></Tolerance>
						</SignalDetails>

					</OutputSignals>
				</TestCase>
				<TestCase>
					<TestCaseName><![CDATA[TM_AVH_TriggerDeactivation_Calc_TC005]]></TestCaseName>
					<TestCaseVerdict><![CDATA[Failed]]></TestCaseVerdict>
					<OutputSignals>
												<SignalDetails>
							<SignalName><![CDATA[ApbButtonRelease_B]]></SignalName>
							<SignalVerdict><![CDATA[Pass]]></SignalVerdict>
							<TDValue><![CDATA[0]]></TDValue>
							<PltValue><![CDATA[0.0]]></PltValue>
							<Tolerance><![CDATA[1.0]]></Tolerance>
						</SignalDetails>
						<SignalDetails>
							<SignalName><![CDATA[AvhState]]></SignalName>
							<SignalVerdict><![CDATA[Failed]]></SignalVerdict>
							<TDValue><![CDATA[AVHState_MechHold]]></TDValue>
							<PltValue><![CDATA[2.0]]></PltValue>
							<Tolerance><![CDATA[1.0]]></Tolerance>
						</SignalDetails>
						<SignalDetails>
							<SignalName><![CDATA[DriverBrakeApplied]]></SignalName>
							<SignalVerdict><![CDATA[Pass]]></SignalVerdict>
							<TDValue><![CDATA[1]]></TDValue>
							<PltValue><![CDATA[1.0]]></PltValue>
							<Tolerance><![CDATA[1.0]]></Tolerance>
						</SignalDetails>
						<SignalDetails>
							<SignalName><![CDATA[DriveOff_B]]></SignalName>
							<SignalVerdict><![CDATA[Pass]]></SignalVerdict>
							<TDValue><![CDATA[0]]></TDValue>
							<PltValue><![CDATA[0.0]]></PltValue>
							<Tolerance><![CDATA[1.0]]></Tolerance>
						</SignalDetails>
						<SignalDetails>
							<SignalName><![CDATA[SsmEna_AVH]]></SignalName>
							<SignalVerdict><![CDATA[Pass]]></SignalVerdict>
							<TDValue><![CDATA[1]]></TDValue>
							<PltValue><![CDATA[1.0]]></PltValue>
							<Tolerance><![CDATA[1.0]]></Tolerance>
						</SignalDetails>
						<SignalDetails>
							<SignalName><![CDATA[SsmVehSecured]]></SignalName>
							<SignalVerdict><![CDATA[Pass]]></SignalVerdict>
							<TDValue><![CDATA[0]]></TDValue>
							<PltValue><![CDATA[0.0]]></PltValue>
							<Tolerance><![CDATA[1.0]]></Tolerance>
						</SignalDetails>
						<SignalDetails>
							<SignalName><![CDATA[DriverOffRequested]]></SignalName>
							<SignalVerdict><![CDATA[Pass]]></SignalVerdict>
							<TDValue><![CDATA[0]]></TDValue>
							<PltValue><![CDATA[0.0]]></PltValue>
							<Tolerance><![CDATA[1.0]]></Tolerance>
						</SignalDetails>
						<SignalDetails>
							<SignalName><![CDATA[SsmTimeUp_B]]></SignalName>
							<SignalVerdict><![CDATA[Pass]]></SignalVerdict>
							<TDValue><![CDATA[0]]></TDValue>
							<PltValue><![CDATA[0.0]]></PltValue>
							<Tolerance><![CDATA[1.0]]></Tolerance>
						</SignalDetails>
						<SignalDetails>
							<SignalName><![CDATA[AvhValidGearSelected]]></SignalName>
							<SignalVerdict><![CDATA[Pass]]></SignalVerdict>
							<TDValue><![CDATA[0]]></TDValue>
							<PltValue><![CDATA[0.0]]></PltValue>
							<Tolerance><![CDATA[1.0]]></Tolerance>
						</SignalDetails>
						<SignalDetails>
							<SignalName><![CDATA[vhcNRollPrevOver_B]]></SignalName>
							<SignalVerdict><![CDATA[Pass]]></SignalVerdict>
							<TDValue><![CDATA[0]]></TDValue>
							<PltValue><![CDATA[0.0]]></PltValue>
							<Tolerance><![CDATA[1.0]]></Tolerance>
						</SignalDetails>
						<SignalDetails>
							<SignalName><![CDATA[trig_StandbyOffTkOver]]></SignalName>
							<SignalVerdict><![CDATA[Pass]]></SignalVerdict>
							<TDValue><![CDATA[0]]></TDValue>
							<PltValue><![CDATA[0.0]]></PltValue>
							<Tolerance><![CDATA[1.0]]></Tolerance>
						</SignalDetails>
						<SignalDetails>
							<SignalName><![CDATA[trig_StandbyOffRelease]]></SignalName>
							<SignalVerdict><![CDATA[Pass]]></SignalVerdict>
							<TDValue><![CDATA[0]]></TDValue>
							<PltValue><![CDATA[0.0]]></PltValue>
							<Tolerance><![CDATA[1.0]]></Tolerance>
						</SignalDetails>
						<SignalDetails>
							<SignalName><![CDATA[FS_AVHReleaseByAPBButton]]></SignalName>
							<SignalVerdict><![CDATA[Pass]]></SignalVerdict>
							<TDValue><![CDATA[1]]></TDValue>
							<PltValue><![CDATA[1.0]]></PltValue>
							<Tolerance><![CDATA[1.0]]></Tolerance>
						</SignalDetails>
						<SignalDetails>
							<SignalName><![CDATA[trig_DeactivateHydHold]]></SignalName>
							<SignalVerdict><![CDATA[Pass]]></SignalVerdict>
							<TDValue><![CDATA[1]]></TDValue>
							<PltValue><![CDATA[1.0]]></PltValue>
							<Tolerance><![CDATA[1.0]]></Tolerance>
						</SignalDetails>
						<SignalDetails>
							<SignalName><![CDATA[trig_DeactivateMechHoldWithPBCRelease]]></SignalName>
							<SignalVerdict><![CDATA[Pass]]></SignalVerdict>
							<TDValue><![CDATA[0]]></TDValue>
							<PltValue><![CDATA[0.0]]></PltValue>
							<Tolerance><![CDATA[1.0]]></Tolerance>
						</SignalDetails>
						<SignalDetails>
							<SignalName><![CDATA[trig_TakeOver]]></SignalName>
							<SignalVerdict><![CDATA[Pass]]></SignalVerdict>
							<TDValue><![CDATA[0]]></TDValue>
							<PltValue><![CDATA[0.0]]></PltValue>
							<Tolerance><![CDATA[1.0]]></Tolerance>
						</SignalDetails>
						<SignalDetails>
							<SignalName><![CDATA[trig_DeactivateMechHold]]></SignalName>
							<SignalVerdict><![CDATA[Pass]]></SignalVerdict>
							<TDValue><![CDATA[0]]></TDValue>
							<PltValue><![CDATA[0.0]]></PltValue>
							<Tolerance><![CDATA[1.0]]></Tolerance>
						</SignalDetails>

					</OutputSignals>
				</TestCase>
				<TestCase>
					<TestCaseName><![CDATA[TM_AVH_TriggerDeactivation_Calc_TC006]]></TestCaseName>
					<TestCaseVerdict><![CDATA[Failed]]></TestCaseVerdict>
					<OutputSignals>
												<SignalDetails>
							<SignalName><![CDATA[ApbButtonRelease_B]]></SignalName>
							<SignalVerdict><![CDATA[Pass]]></SignalVerdict>
							<TDValue><![CDATA[1]]></TDValue>
							<PltValue><![CDATA[1.0]]></PltValue>
							<Tolerance><![CDATA[1.0]]></Tolerance>
						</SignalDetails>
						<SignalDetails>
							<SignalName><![CDATA[AvhState]]></SignalName>
							<SignalVerdict><![CDATA[Failed]]></SignalVerdict>
							<TDValue><![CDATA[AVHState_MechHold]]></TDValue>
							<PltValue><![CDATA[2.0]]></PltValue>
							<Tolerance><![CDATA[1.0]]></Tolerance>
						</SignalDetails>
						<SignalDetails>
							<SignalName><![CDATA[DriverBrakeApplied]]></SignalName>
							<SignalVerdict><![CDATA[Pass]]></SignalVerdict>
							<TDValue><![CDATA[1]]></TDValue>
							<PltValue><![CDATA[1.0]]></PltValue>
							<Tolerance><![CDATA[1.0]]></Tolerance>
						</SignalDetails>
						<SignalDetails>
							<SignalName><![CDATA[DriveOff_B]]></SignalName>
							<SignalVerdict><![CDATA[Pass]]></SignalVerdict>
							<TDValue><![CDATA[0]]></TDValue>
							<PltValue><![CDATA[0.0]]></PltValue>
							<Tolerance><![CDATA[1.0]]></Tolerance>
						</SignalDetails>
						<SignalDetails>
							<SignalName><![CDATA[SsmEna_AVH]]></SignalName>
							<SignalVerdict><![CDATA[Pass]]></SignalVerdict>
							<TDValue><![CDATA[1]]></TDValue>
							<PltValue><![CDATA[1.0]]></PltValue>
							<Tolerance><![CDATA[1.0]]></Tolerance>
						</SignalDetails>
						<SignalDetails>
							<SignalName><![CDATA[SsmVehSecured]]></SignalName>
							<SignalVerdict><![CDATA[Pass]]></SignalVerdict>
							<TDValue><![CDATA[0]]></TDValue>
							<PltValue><![CDATA[0.0]]></PltValue>
							<Tolerance><![CDATA[1.0]]></Tolerance>
						</SignalDetails>
						<SignalDetails>
							<SignalName><![CDATA[DriverOffRequested]]></SignalName>
							<SignalVerdict><![CDATA[Pass]]></SignalVerdict>
							<TDValue><![CDATA[0]]></TDValue>
							<PltValue><![CDATA[0.0]]></PltValue>
							<Tolerance><![CDATA[1.0]]></Tolerance>
						</SignalDetails>
						<SignalDetails>
							<SignalName><![CDATA[SsmTimeUp_B]]></SignalName>
							<SignalVerdict><![CDATA[Pass]]></SignalVerdict>
							<TDValue><![CDATA[0]]></TDValue>
							<PltValue><![CDATA[0.0]]></PltValue>
							<Tolerance><![CDATA[1.0]]></Tolerance>
						</SignalDetails>
						<SignalDetails>
							<SignalName><![CDATA[AvhValidGearSelected]]></SignalName>
							<SignalVerdict><![CDATA[Pass]]></SignalVerdict>
							<TDValue><![CDATA[1]]></TDValue>
							<PltValue><![CDATA[1.0]]></PltValue>
							<Tolerance><![CDATA[1.0]]></Tolerance>
						</SignalDetails>
						<SignalDetails>
							<SignalName><![CDATA[vhcNRollPrevOver_B]]></SignalName>
							<SignalVerdict><![CDATA[Pass]]></SignalVerdict>
							<TDValue><![CDATA[0]]></TDValue>
							<PltValue><![CDATA[0.0]]></PltValue>
							<Tolerance><![CDATA[1.0]]></Tolerance>
						</SignalDetails>
						<SignalDetails>
							<SignalName><![CDATA[trig_StandbyOffTkOver]]></SignalName>
							<SignalVerdict><![CDATA[Pass]]></SignalVerdict>
							<TDValue><![CDATA[0]]></TDValue>
							<PltValue><![CDATA[0.0]]></PltValue>
							<Tolerance><![CDATA[1.0]]></Tolerance>
						</SignalDetails>
						<SignalDetails>
							<SignalName><![CDATA[trig_StandbyOffRelease]]></SignalName>
							<SignalVerdict><![CDATA[Pass]]></SignalVerdict>
							<TDValue><![CDATA[0]]></TDValue>
							<PltValue><![CDATA[0.0]]></PltValue>
							<Tolerance><![CDATA[1.0]]></Tolerance>
						</SignalDetails>
						<SignalDetails>
							<SignalName><![CDATA[FS_AVHReleaseByAPBButton]]></SignalName>
							<SignalVerdict><![CDATA[Pass]]></SignalVerdict>
							<TDValue><![CDATA[1]]></TDValue>
							<PltValue><![CDATA[1.0]]></PltValue>
							<Tolerance><![CDATA[1.0]]></Tolerance>
						</SignalDetails>
						<SignalDetails>
							<SignalName><![CDATA[trig_DeactivateHydHold]]></SignalName>
							<SignalVerdict><![CDATA[Pass]]></SignalVerdict>
							<TDValue><![CDATA[1]]></TDValue>
							<PltValue><![CDATA[1.0]]></PltValue>
							<Tolerance><![CDATA[1.0]]></Tolerance>
						</SignalDetails>
						<SignalDetails>
							<SignalName><![CDATA[trig_DeactivateMechHoldWithPBCRelease]]></SignalName>
							<SignalVerdict><![CDATA[Pass]]></SignalVerdict>
							<TDValue><![CDATA[0]]></TDValue>
							<PltValue><![CDATA[0.0]]></PltValue>
							<Tolerance><![CDATA[1.0]]></Tolerance>
						</SignalDetails>
						<SignalDetails>
							<SignalName><![CDATA[trig_TakeOver]]></SignalName>
							<SignalVerdict><![CDATA[Pass]]></SignalVerdict>
							<TDValue><![CDATA[0]]></TDValue>
							<PltValue><![CDATA[0.0]]></PltValue>
							<Tolerance><![CDATA[1.0]]></Tolerance>
						</SignalDetails>
						<SignalDetails>
							<SignalName><![CDATA[trig_DeactivateMechHold]]></SignalName>
							<SignalVerdict><![CDATA[Pass]]></SignalVerdict>
							<TDValue><![CDATA[0]]></TDValue>
							<PltValue><![CDATA[0.0]]></PltValue>
							<Tolerance><![CDATA[1.0]]></Tolerance>
						</SignalDetails>

					</OutputSignals>
				</TestCase>
				<TestCase>
					<TestCaseName><![CDATA[TM_AVH_TriggerDeactivation_Calc_TC007]]></TestCaseName>
					<TestCaseVerdict><![CDATA[Failed]]></TestCaseVerdict>
					<OutputSignals>
												<SignalDetails>
							<SignalName><![CDATA[ApbButtonRelease_B]]></SignalName>
							<SignalVerdict><![CDATA[Pass]]></SignalVerdict>
							<TDValue><![CDATA[1]]></TDValue>
							<PltValue><![CDATA[1.0]]></PltValue>
							<Tolerance><![CDATA[1.0]]></Tolerance>
						</SignalDetails>
						<SignalDetails>
							<SignalName><![CDATA[AvhState]]></SignalName>
							<SignalVerdict><![CDATA[Failed]]></SignalVerdict>
							<TDValue><![CDATA[AVHState_MechHold]]></TDValue>
							<PltValue><![CDATA[2.0]]></PltValue>
							<Tolerance><![CDATA[1.0]]></Tolerance>
						</SignalDetails>
						<SignalDetails>
							<SignalName><![CDATA[DriverBrakeApplied]]></SignalName>
							<SignalVerdict><![CDATA[Pass]]></SignalVerdict>
							<TDValue><![CDATA[0]]></TDValue>
							<PltValue><![CDATA[0.0]]></PltValue>
							<Tolerance><![CDATA[1.0]]></Tolerance>
						</SignalDetails>
						<SignalDetails>
							<SignalName><![CDATA[DriveOff_B]]></SignalName>
							<SignalVerdict><![CDATA[Pass]]></SignalVerdict>
							<TDValue><![CDATA[0]]></TDValue>
							<PltValue><![CDATA[0.0]]></PltValue>
							<Tolerance><![CDATA[1.0]]></Tolerance>
						</SignalDetails>
						<SignalDetails>
							<SignalName><![CDATA[SsmEna_AVH]]></SignalName>
							<SignalVerdict><![CDATA[Pass]]></SignalVerdict>
							<TDValue><![CDATA[1]]></TDValue>
							<PltValue><![CDATA[1.0]]></PltValue>
							<Tolerance><![CDATA[1.0]]></Tolerance>
						</SignalDetails>
						<SignalDetails>
							<SignalName><![CDATA[SsmVehSecured]]></SignalName>
							<SignalVerdict><![CDATA[Pass]]></SignalVerdict>
							<TDValue><![CDATA[0]]></TDValue>
							<PltValue><![CDATA[0.0]]></PltValue>
							<Tolerance><![CDATA[1.0]]></Tolerance>
						</SignalDetails>
						<SignalDetails>
							<SignalName><![CDATA[DriverOffRequested]]></SignalName>
							<SignalVerdict><![CDATA[Pass]]></SignalVerdict>
							<TDValue><![CDATA[1]]></TDValue>
							<PltValue><![CDATA[1.0]]></PltValue>
							<Tolerance><![CDATA[1.0]]></Tolerance>
						</SignalDetails>
						<SignalDetails>
							<SignalName><![CDATA[SsmTimeUp_B]]></SignalName>
							<SignalVerdict><![CDATA[Pass]]></SignalVerdict>
							<TDValue><![CDATA[0]]></TDValue>
							<PltValue><![CDATA[0.0]]></PltValue>
							<Tolerance><![CDATA[1.0]]></Tolerance>
						</SignalDetails>
						<SignalDetails>
							<SignalName><![CDATA[AvhValidGearSelected]]></SignalName>
							<SignalVerdict><![CDATA[Pass]]></SignalVerdict>
							<TDValue><![CDATA[1]]></TDValue>
							<PltValue><![CDATA[1.0]]></PltValue>
							<Tolerance><![CDATA[1.0]]></Tolerance>
						</SignalDetails>
						<SignalDetails>
							<SignalName><![CDATA[vhcNRollPrevOver_B]]></SignalName>
							<SignalVerdict><![CDATA[Pass]]></SignalVerdict>
							<TDValue><![CDATA[0]]></TDValue>
							<PltValue><![CDATA[0.0]]></PltValue>
							<Tolerance><![CDATA[1.0]]></Tolerance>
						</SignalDetails>
						<SignalDetails>
							<SignalName><![CDATA[trig_StandbyOffTkOver]]></SignalName>
							<SignalVerdict><![CDATA[Pass]]></SignalVerdict>
							<TDValue><![CDATA[0]]></TDValue>
							<PltValue><![CDATA[0.0]]></PltValue>
							<Tolerance><![CDATA[1.0]]></Tolerance>
						</SignalDetails>
						<SignalDetails>
							<SignalName><![CDATA[trig_StandbyOffRelease]]></SignalName>
							<SignalVerdict><![CDATA[Pass]]></SignalVerdict>
							<TDValue><![CDATA[0]]></TDValue>
							<PltValue><![CDATA[0.0]]></PltValue>
							<Tolerance><![CDATA[1.0]]></Tolerance>
						</SignalDetails>
						<SignalDetails>
							<SignalName><![CDATA[FS_AVHReleaseByAPBButton]]></SignalName>
							<SignalVerdict><![CDATA[Pass]]></SignalVerdict>
							<TDValue><![CDATA[1]]></TDValue>
							<PltValue><![CDATA[1.0]]></PltValue>
							<Tolerance><![CDATA[1.0]]></Tolerance>
						</SignalDetails>
						<SignalDetails>
							<SignalName><![CDATA[trig_DeactivateHydHold]]></SignalName>
							<SignalVerdict><![CDATA[Pass]]></SignalVerdict>
							<TDValue><![CDATA[1]]></TDValue>
							<PltValue><![CDATA[1.0]]></PltValue>
							<Tolerance><![CDATA[1.0]]></Tolerance>
						</SignalDetails>
						<SignalDetails>
							<SignalName><![CDATA[trig_DeactivateMechHoldWithPBCRelease]]></SignalName>
							<SignalVerdict><![CDATA[Pass]]></SignalVerdict>
							<TDValue><![CDATA[0]]></TDValue>
							<PltValue><![CDATA[0.0]]></PltValue>
							<Tolerance><![CDATA[1.0]]></Tolerance>
						</SignalDetails>
						<SignalDetails>
							<SignalName><![CDATA[trig_TakeOver]]></SignalName>
							<SignalVerdict><![CDATA[Pass]]></SignalVerdict>
							<TDValue><![CDATA[0]]></TDValue>
							<PltValue><![CDATA[0.0]]></PltValue>
							<Tolerance><![CDATA[1.0]]></Tolerance>
						</SignalDetails>
						<SignalDetails>
							<SignalName><![CDATA[trig_DeactivateMechHold]]></SignalName>
							<SignalVerdict><![CDATA[Pass]]></SignalVerdict>
							<TDValue><![CDATA[0]]></TDValue>
							<PltValue><![CDATA[0.0]]></PltValue>
							<Tolerance><![CDATA[1.0]]></Tolerance>
						</SignalDetails>

					</OutputSignals>
				</TestCase>
				<TestCase>
					<TestCaseName><![CDATA[TM_AVH_TriggerDeactivation_Calc_TC008]]></TestCaseName>
					<TestCaseVerdict><![CDATA[Failed]]></TestCaseVerdict>
					<OutputSignals>
												<SignalDetails>
							<SignalName><![CDATA[ApbButtonRelease_B]]></SignalName>
							<SignalVerdict><![CDATA[Pass]]></SignalVerdict>
							<TDValue><![CDATA[0]]></TDValue>
							<PltValue><![CDATA[0.0]]></PltValue>
							<Tolerance><![CDATA[1.0]]></Tolerance>
						</SignalDetails>
						<SignalDetails>
							<SignalName><![CDATA[AvhState]]></SignalName>
							<SignalVerdict><![CDATA[Failed]]></SignalVerdict>
							<TDValue><![CDATA[AVHState_MechHold]]></TDValue>
							<PltValue><![CDATA[2.0]]></PltValue>
							<Tolerance><![CDATA[1.0]]></Tolerance>
						</SignalDetails>
						<SignalDetails>
							<SignalName><![CDATA[DriverBrakeApplied]]></SignalName>
							<SignalVerdict><![CDATA[Pass]]></SignalVerdict>
							<TDValue><![CDATA[1]]></TDValue>
							<PltValue><![CDATA[1.0]]></PltValue>
							<Tolerance><![CDATA[1.0]]></Tolerance>
						</SignalDetails>
						<SignalDetails>
							<SignalName><![CDATA[DriveOff_B]]></SignalName>
							<SignalVerdict><![CDATA[Pass]]></SignalVerdict>
							<TDValue><![CDATA[0]]></TDValue>
							<PltValue><![CDATA[0.0]]></PltValue>
							<Tolerance><![CDATA[1.0]]></Tolerance>
						</SignalDetails>
						<SignalDetails>
							<SignalName><![CDATA[SsmEna_AVH]]></SignalName>
							<SignalVerdict><![CDATA[Pass]]></SignalVerdict>
							<TDValue><![CDATA[1]]></TDValue>
							<PltValue><![CDATA[1.0]]></PltValue>
							<Tolerance><![CDATA[1.0]]></Tolerance>
						</SignalDetails>
						<SignalDetails>
							<SignalName><![CDATA[SsmVehSecured]]></SignalName>
							<SignalVerdict><![CDATA[Pass]]></SignalVerdict>
							<TDValue><![CDATA[0]]></TDValue>
							<PltValue><![CDATA[0.0]]></PltValue>
							<Tolerance><![CDATA[1.0]]></Tolerance>
						</SignalDetails>
						<SignalDetails>
							<SignalName><![CDATA[DriverOffRequested]]></SignalName>
							<SignalVerdict><![CDATA[Pass]]></SignalVerdict>
							<TDValue><![CDATA[0]]></TDValue>
							<PltValue><![CDATA[0.0]]></PltValue>
							<Tolerance><![CDATA[1.0]]></Tolerance>
						</SignalDetails>
						<SignalDetails>
							<SignalName><![CDATA[SsmTimeUp_B]]></SignalName>
							<SignalVerdict><![CDATA[Pass]]></SignalVerdict>
							<TDValue><![CDATA[0]]></TDValue>
							<PltValue><![CDATA[0.0]]></PltValue>
							<Tolerance><![CDATA[1.0]]></Tolerance>
						</SignalDetails>
						<SignalDetails>
							<SignalName><![CDATA[AvhValidGearSelected]]></SignalName>
							<SignalVerdict><![CDATA[Pass]]></SignalVerdict>
							<TDValue><![CDATA[1]]></TDValue>
							<PltValue><![CDATA[1.0]]></PltValue>
							<Tolerance><![CDATA[1.0]]></Tolerance>
						</SignalDetails>
						<SignalDetails>
							<SignalName><![CDATA[vhcNRollPrevOver_B]]></SignalName>
							<SignalVerdict><![CDATA[Pass]]></SignalVerdict>
							<TDValue><![CDATA[0]]></TDValue>
							<PltValue><![CDATA[0.0]]></PltValue>
							<Tolerance><![CDATA[1.0]]></Tolerance>
						</SignalDetails>
						<SignalDetails>
							<SignalName><![CDATA[trig_StandbyOffTkOver]]></SignalName>
							<SignalVerdict><![CDATA[Pass]]></SignalVerdict>
							<TDValue><![CDATA[0]]></TDValue>
							<PltValue><![CDATA[0.0]]></PltValue>
							<Tolerance><![CDATA[1.0]]></Tolerance>
						</SignalDetails>
						<SignalDetails>
							<SignalName><![CDATA[trig_StandbyOffRelease]]></SignalName>
							<SignalVerdict><![CDATA[Pass]]></SignalVerdict>
							<TDValue><![CDATA[0]]></TDValue>
							<PltValue><![CDATA[0.0]]></PltValue>
							<Tolerance><![CDATA[1.0]]></Tolerance>
						</SignalDetails>
						<SignalDetails>
							<SignalName><![CDATA[FS_AVHReleaseByAPBButton]]></SignalName>
							<SignalVerdict><![CDATA[Pass]]></SignalVerdict>
							<TDValue><![CDATA[1]]></TDValue>
							<PltValue><![CDATA[1.0]]></PltValue>
							<Tolerance><![CDATA[1.0]]></Tolerance>
						</SignalDetails>
						<SignalDetails>
							<SignalName><![CDATA[trig_DeactivateHydHold]]></SignalName>
							<SignalVerdict><![CDATA[Pass]]></SignalVerdict>
							<TDValue><![CDATA[0]]></TDValue>
							<PltValue><![CDATA[0.0]]></PltValue>
							<Tolerance><![CDATA[1.0]]></Tolerance>
						</SignalDetails>
						<SignalDetails>
							<SignalName><![CDATA[trig_DeactivateMechHoldWithPBCRelease]]></SignalName>
							<SignalVerdict><![CDATA[Pass]]></SignalVerdict>
							<TDValue><![CDATA[0]]></TDValue>
							<PltValue><![CDATA[0.0]]></PltValue>
							<Tolerance><![CDATA[1.0]]></Tolerance>
						</SignalDetails>
						<SignalDetails>
							<SignalName><![CDATA[trig_TakeOver]]></SignalName>
							<SignalVerdict><![CDATA[Pass]]></SignalVerdict>
							<TDValue><![CDATA[0]]></TDValue>
							<PltValue><![CDATA[0.0]]></PltValue>
							<Tolerance><![CDATA[1.0]]></Tolerance>
						</SignalDetails>
						<SignalDetails>
							<SignalName><![CDATA[trig_DeactivateMechHold]]></SignalName>
							<SignalVerdict><![CDATA[Pass]]></SignalVerdict>
							<TDValue><![CDATA[0]]></TDValue>
							<PltValue><![CDATA[0.0]]></PltValue>
							<Tolerance><![CDATA[1.0]]></Tolerance>
						</SignalDetails>

					</OutputSignals>
				</TestCase>
				<TestCase>
					<TestCaseName><![CDATA[TM_AVH_TriggerDeactivation_Calc_TC009]]></TestCaseName>
					<TestCaseVerdict><![CDATA[Failed]]></TestCaseVerdict>
					<OutputSignals>
												<SignalDetails>
							<SignalName><![CDATA[ApbButtonRelease_B]]></SignalName>
							<SignalVerdict><![CDATA[Pass]]></SignalVerdict>
							<TDValue><![CDATA[1]]></TDValue>
							<PltValue><![CDATA[1.0]]></PltValue>
							<Tolerance><![CDATA[1.0]]></Tolerance>
						</SignalDetails>
						<SignalDetails>
							<SignalName><![CDATA[AvhState]]></SignalName>
							<SignalVerdict><![CDATA[Failed]]></SignalVerdict>
							<TDValue><![CDATA[AVHState_MechHold]]></TDValue>
							<PltValue><![CDATA[2.0]]></PltValue>
							<Tolerance><![CDATA[1.0]]></Tolerance>
						</SignalDetails>
						<SignalDetails>
							<SignalName><![CDATA[DriverBrakeApplied]]></SignalName>
							<SignalVerdict><![CDATA[Pass]]></SignalVerdict>
							<TDValue><![CDATA[1]]></TDValue>
							<PltValue><![CDATA[1.0]]></PltValue>
							<Tolerance><![CDATA[1.0]]></Tolerance>
						</SignalDetails>
						<SignalDetails>
							<SignalName><![CDATA[DriveOff_B]]></SignalName>
							<SignalVerdict><![CDATA[Pass]]></SignalVerdict>
							<TDValue><![CDATA[0]]></TDValue>
							<PltValue><![CDATA[0.0]]></PltValue>
							<Tolerance><![CDATA[1.0]]></Tolerance>
						</SignalDetails>
						<SignalDetails>
							<SignalName><![CDATA[SsmEna_AVH]]></SignalName>
							<SignalVerdict><![CDATA[Pass]]></SignalVerdict>
							<TDValue><![CDATA[1]]></TDValue>
							<PltValue><![CDATA[1.0]]></PltValue>
							<Tolerance><![CDATA[1.0]]></Tolerance>
						</SignalDetails>
						<SignalDetails>
							<SignalName><![CDATA[SsmVehSecured]]></SignalName>
							<SignalVerdict><![CDATA[Pass]]></SignalVerdict>
							<TDValue><![CDATA[0]]></TDValue>
							<PltValue><![CDATA[0.0]]></PltValue>
							<Tolerance><![CDATA[1.0]]></Tolerance>
						</SignalDetails>
						<SignalDetails>
							<SignalName><![CDATA[DriverOffRequested]]></SignalName>
							<SignalVerdict><![CDATA[Pass]]></SignalVerdict>
							<TDValue><![CDATA[0]]></TDValue>
							<PltValue><![CDATA[0.0]]></PltValue>
							<Tolerance><![CDATA[1.0]]></Tolerance>
						</SignalDetails>
						<SignalDetails>
							<SignalName><![CDATA[SsmTimeUp_B]]></SignalName>
							<SignalVerdict><![CDATA[Pass]]></SignalVerdict>
							<TDValue><![CDATA[0]]></TDValue>
							<PltValue><![CDATA[0.0]]></PltValue>
							<Tolerance><![CDATA[1.0]]></Tolerance>
						</SignalDetails>
						<SignalDetails>
							<SignalName><![CDATA[AvhValidGearSelected]]></SignalName>
							<SignalVerdict><![CDATA[Pass]]></SignalVerdict>
							<TDValue><![CDATA[1]]></TDValue>
							<PltValue><![CDATA[1.0]]></PltValue>
							<Tolerance><![CDATA[1.0]]></Tolerance>
						</SignalDetails>
						<SignalDetails>
							<SignalName><![CDATA[vhcNRollPrevOver_B]]></SignalName>
							<SignalVerdict><![CDATA[Pass]]></SignalVerdict>
							<TDValue><![CDATA[0]]></TDValue>
							<PltValue><![CDATA[0.0]]></PltValue>
							<Tolerance><![CDATA[1.0]]></Tolerance>
						</SignalDetails>
						<SignalDetails>
							<SignalName><![CDATA[trig_StandbyOffTkOver]]></SignalName>
							<SignalVerdict><![CDATA[Pass]]></SignalVerdict>
							<TDValue><![CDATA[0]]></TDValue>
							<PltValue><![CDATA[0.0]]></PltValue>
							<Tolerance><![CDATA[1.0]]></Tolerance>
						</SignalDetails>
						<SignalDetails>
							<SignalName><![CDATA[trig_StandbyOffRelease]]></SignalName>
							<SignalVerdict><![CDATA[Pass]]></SignalVerdict>
							<TDValue><![CDATA[0]]></TDValue>
							<PltValue><![CDATA[0.0]]></PltValue>
							<Tolerance><![CDATA[1.0]]></Tolerance>
						</SignalDetails>
						<SignalDetails>
							<SignalName><![CDATA[FS_AVHReleaseByAPBButton]]></SignalName>
							<SignalVerdict><![CDATA[Pass]]></SignalVerdict>
							<TDValue><![CDATA[0]]></TDValue>
							<PltValue><![CDATA[0.0]]></PltValue>
							<Tolerance><![CDATA[1.0]]></Tolerance>
						</SignalDetails>
						<SignalDetails>
							<SignalName><![CDATA[trig_DeactivateHydHold]]></SignalName>
							<SignalVerdict><![CDATA[Pass]]></SignalVerdict>
							<TDValue><![CDATA[0]]></TDValue>
							<PltValue><![CDATA[0.0]]></PltValue>
							<Tolerance><![CDATA[1.0]]></Tolerance>
						</SignalDetails>
						<SignalDetails>
							<SignalName><![CDATA[trig_DeactivateMechHoldWithPBCRelease]]></SignalName>
							<SignalVerdict><![CDATA[Pass]]></SignalVerdict>
							<TDValue><![CDATA[0]]></TDValue>
							<PltValue><![CDATA[0.0]]></PltValue>
							<Tolerance><![CDATA[1.0]]></Tolerance>
						</SignalDetails>
						<SignalDetails>
							<SignalName><![CDATA[trig_TakeOver]]></SignalName>
							<SignalVerdict><![CDATA[Pass]]></SignalVerdict>
							<TDValue><![CDATA[0]]></TDValue>
							<PltValue><![CDATA[0.0]]></PltValue>
							<Tolerance><![CDATA[1.0]]></Tolerance>
						</SignalDetails>
						<SignalDetails>
							<SignalName><![CDATA[trig_DeactivateMechHold]]></SignalName>
							<SignalVerdict><![CDATA[Pass]]></SignalVerdict>
							<TDValue><![CDATA[0]]></TDValue>
							<PltValue><![CDATA[0.0]]></PltValue>
							<Tolerance><![CDATA[1.0]]></Tolerance>
						</SignalDetails>

					</OutputSignals>
				</TestCase>
				<TestCase>
					<TestCaseName><![CDATA[TM_AVH_TriggerDeactivation_Calc_TC010]]></TestCaseName>
					<TestCaseVerdict><![CDATA[Failed]]></TestCaseVerdict>
					<OutputSignals>
												<SignalDetails>
							<SignalName><![CDATA[ApbButtonRelease_B]]></SignalName>
							<SignalVerdict><![CDATA[Pass]]></SignalVerdict>
							<TDValue><![CDATA[1]]></TDValue>
							<PltValue><![CDATA[1.0]]></PltValue>
							<Tolerance><![CDATA[1.0]]></Tolerance>
						</SignalDetails>
						<SignalDetails>
							<SignalName><![CDATA[AvhState]]></SignalName>
							<SignalVerdict><![CDATA[Failed]]></SignalVerdict>
							<TDValue><![CDATA[AVHState_MechHold]]></TDValue>
							<PltValue><![CDATA[2.0]]></PltValue>
							<Tolerance><![CDATA[1.0]]></Tolerance>
						</SignalDetails>
						<SignalDetails>
							<SignalName><![CDATA[DriverBrakeApplied]]></SignalName>
							<SignalVerdict><![CDATA[Pass]]></SignalVerdict>
							<TDValue><![CDATA[0]]></TDValue>
							<PltValue><![CDATA[0.0]]></PltValue>
							<Tolerance><![CDATA[1.0]]></Tolerance>
						</SignalDetails>
						<SignalDetails>
							<SignalName><![CDATA[DriveOff_B]]></SignalName>
							<SignalVerdict><![CDATA[Pass]]></SignalVerdict>
							<TDValue><![CDATA[0]]></TDValue>
							<PltValue><![CDATA[0.0]]></PltValue>
							<Tolerance><![CDATA[1.0]]></Tolerance>
						</SignalDetails>
						<SignalDetails>
							<SignalName><![CDATA[SsmEna_AVH]]></SignalName>
							<SignalVerdict><![CDATA[Pass]]></SignalVerdict>
							<TDValue><![CDATA[1]]></TDValue>
							<PltValue><![CDATA[1.0]]></PltValue>
							<Tolerance><![CDATA[1.0]]></Tolerance>
						</SignalDetails>
						<SignalDetails>
							<SignalName><![CDATA[SsmVehSecured]]></SignalName>
							<SignalVerdict><![CDATA[Pass]]></SignalVerdict>
							<TDValue><![CDATA[0]]></TDValue>
							<PltValue><![CDATA[0.0]]></PltValue>
							<Tolerance><![CDATA[1.0]]></Tolerance>
						</SignalDetails>
						<SignalDetails>
							<SignalName><![CDATA[DriverOffRequested]]></SignalName>
							<SignalVerdict><![CDATA[Pass]]></SignalVerdict>
							<TDValue><![CDATA[0]]></TDValue>
							<PltValue><![CDATA[0.0]]></PltValue>
							<Tolerance><![CDATA[1.0]]></Tolerance>
						</SignalDetails>
						<SignalDetails>
							<SignalName><![CDATA[SsmTimeUp_B]]></SignalName>
							<SignalVerdict><![CDATA[Pass]]></SignalVerdict>
							<TDValue><![CDATA[0]]></TDValue>
							<PltValue><![CDATA[0.0]]></PltValue>
							<Tolerance><![CDATA[1.0]]></Tolerance>
						</SignalDetails>
						<SignalDetails>
							<SignalName><![CDATA[AvhValidGearSelected]]></SignalName>
							<SignalVerdict><![CDATA[Pass]]></SignalVerdict>
							<TDValue><![CDATA[1]]></TDValue>
							<PltValue><![CDATA[1.0]]></PltValue>
							<Tolerance><![CDATA[1.0]]></Tolerance>
						</SignalDetails>
						<SignalDetails>
							<SignalName><![CDATA[vhcNRollPrevOver_B]]></SignalName>
							<SignalVerdict><![CDATA[Pass]]></SignalVerdict>
							<TDValue><![CDATA[0]]></TDValue>
							<PltValue><![CDATA[0.0]]></PltValue>
							<Tolerance><![CDATA[1.0]]></Tolerance>
						</SignalDetails>
						<SignalDetails>
							<SignalName><![CDATA[trig_StandbyOffTkOver]]></SignalName>
							<SignalVerdict><![CDATA[Pass]]></SignalVerdict>
							<TDValue><![CDATA[0]]></TDValue>
							<PltValue><![CDATA[0.0]]></PltValue>
							<Tolerance><![CDATA[1.0]]></Tolerance>
						</SignalDetails>
						<SignalDetails>
							<SignalName><![CDATA[trig_StandbyOffRelease]]></SignalName>
							<SignalVerdict><![CDATA[Pass]]></SignalVerdict>
							<TDValue><![CDATA[0]]></TDValue>
							<PltValue><![CDATA[0.0]]></PltValue>
							<Tolerance><![CDATA[1.0]]></Tolerance>
						</SignalDetails>
						<SignalDetails>
							<SignalName><![CDATA[FS_AVHReleaseByAPBButton]]></SignalName>
							<SignalVerdict><![CDATA[Pass]]></SignalVerdict>
							<TDValue><![CDATA[1]]></TDValue>
							<PltValue><![CDATA[1.0]]></PltValue>
							<Tolerance><![CDATA[1.0]]></Tolerance>
						</SignalDetails>
						<SignalDetails>
							<SignalName><![CDATA[trig_DeactivateHydHold]]></SignalName>
							<SignalVerdict><![CDATA[Pass]]></SignalVerdict>
							<TDValue><![CDATA[0]]></TDValue>
							<PltValue><![CDATA[0.0]]></PltValue>
							<Tolerance><![CDATA[1.0]]></Tolerance>
						</SignalDetails>
						<SignalDetails>
							<SignalName><![CDATA[trig_DeactivateMechHoldWithPBCRelease]]></SignalName>
							<SignalVerdict><![CDATA[Pass]]></SignalVerdict>
							<TDValue><![CDATA[0]]></TDValue>
							<PltValue><![CDATA[0.0]]></PltValue>
							<Tolerance><![CDATA[1.0]]></Tolerance>
						</SignalDetails>
						<SignalDetails>
							<SignalName><![CDATA[trig_TakeOver]]></SignalName>
							<SignalVerdict><![CDATA[Pass]]></SignalVerdict>
							<TDValue><![CDATA[0]]></TDValue>
							<PltValue><![CDATA[0.0]]></PltValue>
							<Tolerance><![CDATA[1.0]]></Tolerance>
						</SignalDetails>
						<SignalDetails>
							<SignalName><![CDATA[trig_DeactivateMechHold]]></SignalName>
							<SignalVerdict><![CDATA[Pass]]></SignalVerdict>
							<TDValue><![CDATA[0]]></TDValue>
							<PltValue><![CDATA[0.0]]></PltValue>
							<Tolerance><![CDATA[1.0]]></Tolerance>
						</SignalDetails>

					</OutputSignals>
				</TestCase>
				<TestCase>
					<TestCaseName><![CDATA[TM_AVH_TriggerDeactivation_Calc_TC011]]></TestCaseName>
					<TestCaseVerdict><![CDATA[Failed]]></TestCaseVerdict>
					<OutputSignals>
												<SignalDetails>
							<SignalName><![CDATA[ApbButtonRelease_B]]></SignalName>
							<SignalVerdict><![CDATA[Pass]]></SignalVerdict>
							<TDValue><![CDATA[0]]></TDValue>
							<PltValue><![CDATA[0.0]]></PltValue>
							<Tolerance><![CDATA[1.0]]></Tolerance>
						</SignalDetails>
						<SignalDetails>
							<SignalName><![CDATA[AvhState]]></SignalName>
							<SignalVerdict><![CDATA[Failed]]></SignalVerdict>
							<TDValue><![CDATA[AVHState_MechHold]]></TDValue>
							<PltValue><![CDATA[2.0]]></PltValue>
							<Tolerance><![CDATA[1.0]]></Tolerance>
						</SignalDetails>
						<SignalDetails>
							<SignalName><![CDATA[DriverBrakeApplied]]></SignalName>
							<SignalVerdict><![CDATA[Pass]]></SignalVerdict>
							<TDValue><![CDATA[0]]></TDValue>
							<PltValue><![CDATA[0.0]]></PltValue>
							<Tolerance><![CDATA[1.0]]></Tolerance>
						</SignalDetails>
						<SignalDetails>
							<SignalName><![CDATA[DriveOff_B]]></SignalName>
							<SignalVerdict><![CDATA[Pass]]></SignalVerdict>
							<TDValue><![CDATA[0]]></TDValue>
							<PltValue><![CDATA[0.0]]></PltValue>
							<Tolerance><![CDATA[1.0]]></Tolerance>
						</SignalDetails>
						<SignalDetails>
							<SignalName><![CDATA[SsmEna_AVH]]></SignalName>
							<SignalVerdict><![CDATA[Pass]]></SignalVerdict>
							<TDValue><![CDATA[1]]></TDValue>
							<PltValue><![CDATA[1.0]]></PltValue>
							<Tolerance><![CDATA[1.0]]></Tolerance>
						</SignalDetails>
						<SignalDetails>
							<SignalName><![CDATA[SsmVehSecured]]></SignalName>
							<SignalVerdict><![CDATA[Pass]]></SignalVerdict>
							<TDValue><![CDATA[0]]></TDValue>
							<PltValue><![CDATA[0.0]]></PltValue>
							<Tolerance><![CDATA[1.0]]></Tolerance>
						</SignalDetails>
						<SignalDetails>
							<SignalName><![CDATA[DriverOffRequested]]></SignalName>
							<SignalVerdict><![CDATA[Pass]]></SignalVerdict>
							<TDValue><![CDATA[0]]></TDValue>
							<PltValue><![CDATA[0.0]]></PltValue>
							<Tolerance><![CDATA[1.0]]></Tolerance>
						</SignalDetails>
						<SignalDetails>
							<SignalName><![CDATA[SsmTimeUp_B]]></SignalName>
							<SignalVerdict><![CDATA[Pass]]></SignalVerdict>
							<TDValue><![CDATA[0]]></TDValue>
							<PltValue><![CDATA[0.0]]></PltValue>
							<Tolerance><![CDATA[1.0]]></Tolerance>
						</SignalDetails>
						<SignalDetails>
							<SignalName><![CDATA[AvhValidGearSelected]]></SignalName>
							<SignalVerdict><![CDATA[Pass]]></SignalVerdict>
							<TDValue><![CDATA[0]]></TDValue>
							<PltValue><![CDATA[0.0]]></PltValue>
							<Tolerance><![CDATA[1.0]]></Tolerance>
						</SignalDetails>
						<SignalDetails>
							<SignalName><![CDATA[vhcNRollPrevOver_B]]></SignalName>
							<SignalVerdict><![CDATA[Pass]]></SignalVerdict>
							<TDValue><![CDATA[0]]></TDValue>
							<PltValue><![CDATA[0.0]]></PltValue>
							<Tolerance><![CDATA[1.0]]></Tolerance>
						</SignalDetails>
						<SignalDetails>
							<SignalName><![CDATA[trig_StandbyOffTkOver]]></SignalName>
							<SignalVerdict><![CDATA[Pass]]></SignalVerdict>
							<TDValue><![CDATA[1]]></TDValue>
							<PltValue><![CDATA[1.0]]></PltValue>
							<Tolerance><![CDATA[1.0]]></Tolerance>
						</SignalDetails>
						<SignalDetails>
							<SignalName><![CDATA[trig_StandbyOffRelease]]></SignalName>
							<SignalVerdict><![CDATA[Pass]]></SignalVerdict>
							<TDValue><![CDATA[0]]></TDValue>
							<PltValue><![CDATA[0.0]]></PltValue>
							<Tolerance><![CDATA[1.0]]></Tolerance>
						</SignalDetails>
						<SignalDetails>
							<SignalName><![CDATA[FS_AVHReleaseByAPBButton]]></SignalName>
							<SignalVerdict><![CDATA[Pass]]></SignalVerdict>
							<TDValue><![CDATA[0]]></TDValue>
							<PltValue><![CDATA[0.0]]></PltValue>
							<Tolerance><![CDATA[1.0]]></Tolerance>
						</SignalDetails>
						<SignalDetails>
							<SignalName><![CDATA[trig_DeactivateHydHold]]></SignalName>
							<SignalVerdict><![CDATA[Pass]]></SignalVerdict>
							<TDValue><![CDATA[1]]></TDValue>
							<PltValue><![CDATA[1.0]]></PltValue>
							<Tolerance><![CDATA[1.0]]></Tolerance>
						</SignalDetails>
						<SignalDetails>
							<SignalName><![CDATA[trig_DeactivateMechHoldWithPBCRelease]]></SignalName>
							<SignalVerdict><![CDATA[Pass]]></SignalVerdict>
							<TDValue><![CDATA[0]]></TDValue>
							<PltValue><![CDATA[0.0]]></PltValue>
							<Tolerance><![CDATA[1.0]]></Tolerance>
						</SignalDetails>
						<SignalDetails>
							<SignalName><![CDATA[trig_TakeOver]]></SignalName>
							<SignalVerdict><![CDATA[Pass]]></SignalVerdict>
							<TDValue><![CDATA[1]]></TDValue>
							<PltValue><![CDATA[1.0]]></PltValue>
							<Tolerance><![CDATA[1.0]]></Tolerance>
						</SignalDetails>
						<SignalDetails>
							<SignalName><![CDATA[trig_DeactivateMechHold]]></SignalName>
							<SignalVerdict><![CDATA[Pass]]></SignalVerdict>
							<TDValue><![CDATA[0]]></TDValue>
							<PltValue><![CDATA[0.0]]></PltValue>
							<Tolerance><![CDATA[1.0]]></Tolerance>
						</SignalDetails>

					</OutputSignals>
				</TestCase>
				<TestCase>
					<TestCaseName><![CDATA[TM_AVH_TriggerDeactivation_Calc_TC012]]></TestCaseName>
					<TestCaseVerdict><![CDATA[Failed]]></TestCaseVerdict>
					<OutputSignals>
												<SignalDetails>
							<SignalName><![CDATA[ApbButtonRelease_B]]></SignalName>
							<SignalVerdict><![CDATA[Pass]]></SignalVerdict>
							<TDValue><![CDATA[0]]></TDValue>
							<PltValue><![CDATA[0.0]]></PltValue>
							<Tolerance><![CDATA[1.0]]></Tolerance>
						</SignalDetails>
						<SignalDetails>
							<SignalName><![CDATA[AvhState]]></SignalName>
							<SignalVerdict><![CDATA[Failed]]></SignalVerdict>
							<TDValue><![CDATA[AVHState_MechHold]]></TDValue>
							<PltValue><![CDATA[2.0]]></PltValue>
							<Tolerance><![CDATA[1.0]]></Tolerance>
						</SignalDetails>
						<SignalDetails>
							<SignalName><![CDATA[DriverBrakeApplied]]></SignalName>
							<SignalVerdict><![CDATA[Pass]]></SignalVerdict>
							<TDValue><![CDATA[0]]></TDValue>
							<PltValue><![CDATA[0.0]]></PltValue>
							<Tolerance><![CDATA[1.0]]></Tolerance>
						</SignalDetails>
						<SignalDetails>
							<SignalName><![CDATA[DriveOff_B]]></SignalName>
							<SignalVerdict><![CDATA[Pass]]></SignalVerdict>
							<TDValue><![CDATA[0]]></TDValue>
							<PltValue><![CDATA[0.0]]></PltValue>
							<Tolerance><![CDATA[1.0]]></Tolerance>
						</SignalDetails>
						<SignalDetails>
							<SignalName><![CDATA[SsmEna_AVH]]></SignalName>
							<SignalVerdict><![CDATA[Pass]]></SignalVerdict>
							<TDValue><![CDATA[1]]></TDValue>
							<PltValue><![CDATA[1.0]]></PltValue>
							<Tolerance><![CDATA[1.0]]></Tolerance>
						</SignalDetails>
						<SignalDetails>
							<SignalName><![CDATA[SsmVehSecured]]></SignalName>
							<SignalVerdict><![CDATA[Pass]]></SignalVerdict>
							<TDValue><![CDATA[0]]></TDValue>
							<PltValue><![CDATA[0.0]]></PltValue>
							<Tolerance><![CDATA[1.0]]></Tolerance>
						</SignalDetails>
						<SignalDetails>
							<SignalName><![CDATA[DriverOffRequested]]></SignalName>
							<SignalVerdict><![CDATA[Pass]]></SignalVerdict>
							<TDValue><![CDATA[0]]></TDValue>
							<PltValue><![CDATA[0.0]]></PltValue>
							<Tolerance><![CDATA[1.0]]></Tolerance>
						</SignalDetails>
						<SignalDetails>
							<SignalName><![CDATA[SsmTimeUp_B]]></SignalName>
							<SignalVerdict><![CDATA[Pass]]></SignalVerdict>
							<TDValue><![CDATA[1]]></TDValue>
							<PltValue><![CDATA[1.0]]></PltValue>
							<Tolerance><![CDATA[1.0]]></Tolerance>
						</SignalDetails>
						<SignalDetails>
							<SignalName><![CDATA[AvhValidGearSelected]]></SignalName>
							<SignalVerdict><![CDATA[Pass]]></SignalVerdict>
							<TDValue><![CDATA[0]]></TDValue>
							<PltValue><![CDATA[0.0]]></PltValue>
							<Tolerance><![CDATA[1.0]]></Tolerance>
						</SignalDetails>
						<SignalDetails>
							<SignalName><![CDATA[vhcNRollPrevOver_B]]></SignalName>
							<SignalVerdict><![CDATA[Pass]]></SignalVerdict>
							<TDValue><![CDATA[0]]></TDValue>
							<PltValue><![CDATA[0.0]]></PltValue>
							<Tolerance><![CDATA[1.0]]></Tolerance>
						</SignalDetails>
						<SignalDetails>
							<SignalName><![CDATA[trig_StandbyOffTkOver]]></SignalName>
							<SignalVerdict><![CDATA[Pass]]></SignalVerdict>
							<TDValue><![CDATA[0]]></TDValue>
							<PltValue><![CDATA[0.0]]></PltValue>
							<Tolerance><![CDATA[1.0]]></Tolerance>
						</SignalDetails>
						<SignalDetails>
							<SignalName><![CDATA[trig_StandbyOffRelease]]></SignalName>
							<SignalVerdict><![CDATA[Pass]]></SignalVerdict>
							<TDValue><![CDATA[0]]></TDValue>
							<PltValue><![CDATA[0.0]]></PltValue>
							<Tolerance><![CDATA[1.0]]></Tolerance>
						</SignalDetails>
						<SignalDetails>
							<SignalName><![CDATA[FS_AVHReleaseByAPBButton]]></SignalName>
							<SignalVerdict><![CDATA[Pass]]></SignalVerdict>
							<TDValue><![CDATA[0]]></TDValue>
							<PltValue><![CDATA[0.0]]></PltValue>
							<Tolerance><![CDATA[1.0]]></Tolerance>
						</SignalDetails>
						<SignalDetails>
							<SignalName><![CDATA[trig_DeactivateHydHold]]></SignalName>
							<SignalVerdict><![CDATA[Pass]]></SignalVerdict>
							<TDValue><![CDATA[1]]></TDValue>
							<PltValue><![CDATA[1.0]]></PltValue>
							<Tolerance><![CDATA[1.0]]></Tolerance>
						</SignalDetails>
						<SignalDetails>
							<SignalName><![CDATA[trig_DeactivateMechHoldWithPBCRelease]]></SignalName>
							<SignalVerdict><![CDATA[Pass]]></SignalVerdict>
							<TDValue><![CDATA[0]]></TDValue>
							<PltValue><![CDATA[0.0]]></PltValue>
							<Tolerance><![CDATA[1.0]]></Tolerance>
						</SignalDetails>
						<SignalDetails>
							<SignalName><![CDATA[trig_TakeOver]]></SignalName>
							<SignalVerdict><![CDATA[Pass]]></SignalVerdict>
							<TDValue><![CDATA[1]]></TDValue>
							<PltValue><![CDATA[1.0]]></PltValue>
							<Tolerance><![CDATA[1.0]]></Tolerance>
						</SignalDetails>
						<SignalDetails>
							<SignalName><![CDATA[trig_DeactivateMechHold]]></SignalName>
							<SignalVerdict><![CDATA[Pass]]></SignalVerdict>
							<TDValue><![CDATA[0]]></TDValue>
							<PltValue><![CDATA[0.0]]></PltValue>
							<Tolerance><![CDATA[1.0]]></Tolerance>
						</SignalDetails>

					</OutputSignals>
				</TestCase>
				<TestCase>
					<TestCaseName><![CDATA[TM_AVH_TriggerDeactivation_Calc_TC013]]></TestCaseName>
					<TestCaseVerdict><![CDATA[Failed]]></TestCaseVerdict>
					<OutputSignals>
												<SignalDetails>
							<SignalName><![CDATA[ApbButtonRelease_B]]></SignalName>
							<SignalVerdict><![CDATA[Pass]]></SignalVerdict>
							<TDValue><![CDATA[0]]></TDValue>
							<PltValue><![CDATA[0.0]]></PltValue>
							<Tolerance><![CDATA[1.0]]></Tolerance>
						</SignalDetails>
						<SignalDetails>
							<SignalName><![CDATA[AvhState]]></SignalName>
							<SignalVerdict><![CDATA[Failed]]></SignalVerdict>
							<TDValue><![CDATA[AVHState_MechHold]]></TDValue>
							<PltValue><![CDATA[2.0]]></PltValue>
							<Tolerance><![CDATA[1.0]]></Tolerance>
						</SignalDetails>
						<SignalDetails>
							<SignalName><![CDATA[DriverBrakeApplied]]></SignalName>
							<SignalVerdict><![CDATA[Pass]]></SignalVerdict>
							<TDValue><![CDATA[0]]></TDValue>
							<PltValue><![CDATA[0.0]]></PltValue>
							<Tolerance><![CDATA[1.0]]></Tolerance>
						</SignalDetails>
						<SignalDetails>
							<SignalName><![CDATA[DriveOff_B]]></SignalName>
							<SignalVerdict><![CDATA[Pass]]></SignalVerdict>
							<TDValue><![CDATA[0]]></TDValue>
							<PltValue><![CDATA[0.0]]></PltValue>
							<Tolerance><![CDATA[1.0]]></Tolerance>
						</SignalDetails>
						<SignalDetails>
							<SignalName><![CDATA[SsmEna_AVH]]></SignalName>
							<SignalVerdict><![CDATA[Pass]]></SignalVerdict>
							<TDValue><![CDATA[1]]></TDValue>
							<PltValue><![CDATA[1.0]]></PltValue>
							<Tolerance><![CDATA[1.0]]></Tolerance>
						</SignalDetails>
						<SignalDetails>
							<SignalName><![CDATA[SsmVehSecured]]></SignalName>
							<SignalVerdict><![CDATA[Pass]]></SignalVerdict>
							<TDValue><![CDATA[0]]></TDValue>
							<PltValue><![CDATA[0.0]]></PltValue>
							<Tolerance><![CDATA[1.0]]></Tolerance>
						</SignalDetails>
						<SignalDetails>
							<SignalName><![CDATA[DriverOffRequested]]></SignalName>
							<SignalVerdict><![CDATA[Pass]]></SignalVerdict>
							<TDValue><![CDATA[0]]></TDValue>
							<PltValue><![CDATA[0.0]]></PltValue>
							<Tolerance><![CDATA[1.0]]></Tolerance>
						</SignalDetails>
						<SignalDetails>
							<SignalName><![CDATA[SsmTimeUp_B]]></SignalName>
							<SignalVerdict><![CDATA[Pass]]></SignalVerdict>
							<TDValue><![CDATA[0]]></TDValue>
							<PltValue><![CDATA[0.0]]></PltValue>
							<Tolerance><![CDATA[1.0]]></Tolerance>
						</SignalDetails>
						<SignalDetails>
							<SignalName><![CDATA[AvhValidGearSelected]]></SignalName>
							<SignalVerdict><![CDATA[Pass]]></SignalVerdict>
							<TDValue><![CDATA[0]]></TDValue>
							<PltValue><![CDATA[0.0]]></PltValue>
							<Tolerance><![CDATA[1.0]]></Tolerance>
						</SignalDetails>
						<SignalDetails>
							<SignalName><![CDATA[vhcNRollPrevOver_B]]></SignalName>
							<SignalVerdict><![CDATA[Pass]]></SignalVerdict>
							<TDValue><![CDATA[1]]></TDValue>
							<PltValue><![CDATA[1.0]]></PltValue>
							<Tolerance><![CDATA[1.0]]></Tolerance>
						</SignalDetails>
						<SignalDetails>
							<SignalName><![CDATA[trig_StandbyOffTkOver]]></SignalName>
							<SignalVerdict><![CDATA[Pass]]></SignalVerdict>
							<TDValue><![CDATA[0]]></TDValue>
							<PltValue><![CDATA[0.0]]></PltValue>
							<Tolerance><![CDATA[1.0]]></Tolerance>
						</SignalDetails>
						<SignalDetails>
							<SignalName><![CDATA[trig_StandbyOffRelease]]></SignalName>
							<SignalVerdict><![CDATA[Pass]]></SignalVerdict>
							<TDValue><![CDATA[0]]></TDValue>
							<PltValue><![CDATA[0.0]]></PltValue>
							<Tolerance><![CDATA[1.0]]></Tolerance>
						</SignalDetails>
						<SignalDetails>
							<SignalName><![CDATA[FS_AVHReleaseByAPBButton]]></SignalName>
							<SignalVerdict><![CDATA[Pass]]></SignalVerdict>
							<TDValue><![CDATA[0]]></TDValue>
							<PltValue><![CDATA[0.0]]></PltValue>
							<Tolerance><![CDATA[1.0]]></Tolerance>
						</SignalDetails>
						<SignalDetails>
							<SignalName><![CDATA[trig_DeactivateHydHold]]></SignalName>
							<SignalVerdict><![CDATA[Pass]]></SignalVerdict>
							<TDValue><![CDATA[1]]></TDValue>
							<PltValue><![CDATA[1.0]]></PltValue>
							<Tolerance><![CDATA[1.0]]></Tolerance>
						</SignalDetails>
						<SignalDetails>
							<SignalName><![CDATA[trig_DeactivateMechHoldWithPBCRelease]]></SignalName>
							<SignalVerdict><![CDATA[Pass]]></SignalVerdict>
							<TDValue><![CDATA[0]]></TDValue>
							<PltValue><![CDATA[0.0]]></PltValue>
							<Tolerance><![CDATA[1.0]]></Tolerance>
						</SignalDetails>
						<SignalDetails>
							<SignalName><![CDATA[trig_TakeOver]]></SignalName>
							<SignalVerdict><![CDATA[Pass]]></SignalVerdict>
							<TDValue><![CDATA[1]]></TDValue>
							<PltValue><![CDATA[1.0]]></PltValue>
							<Tolerance><![CDATA[1.0]]></Tolerance>
						</SignalDetails>
						<SignalDetails>
							<SignalName><![CDATA[trig_DeactivateMechHold]]></SignalName>
							<SignalVerdict><![CDATA[Pass]]></SignalVerdict>
							<TDValue><![CDATA[0]]></TDValue>
							<PltValue><![CDATA[0.0]]></PltValue>
							<Tolerance><![CDATA[1.0]]></Tolerance>
						</SignalDetails>

					</OutputSignals>
				</TestCase>
				<TestCase>
					<TestCaseName><![CDATA[TM_AVH_TriggerDeactivation_Calc_TC014]]></TestCaseName>
					<TestCaseVerdict><![CDATA[Failed]]></TestCaseVerdict>
					<OutputSignals>
												<SignalDetails>
							<SignalName><![CDATA[ApbButtonRelease_B]]></SignalName>
							<SignalVerdict><![CDATA[Pass]]></SignalVerdict>
							<TDValue><![CDATA[0]]></TDValue>
							<PltValue><![CDATA[0.0]]></PltValue>
							<Tolerance><![CDATA[1.0]]></Tolerance>
						</SignalDetails>
						<SignalDetails>
							<SignalName><![CDATA[AvhState]]></SignalName>
							<SignalVerdict><![CDATA[Failed]]></SignalVerdict>
							<TDValue><![CDATA[AVHState_MechHold]]></TDValue>
							<PltValue><![CDATA[2.0]]></PltValue>
							<Tolerance><![CDATA[1.0]]></Tolerance>
						</SignalDetails>
						<SignalDetails>
							<SignalName><![CDATA[DriverBrakeApplied]]></SignalName>
							<SignalVerdict><![CDATA[Pass]]></SignalVerdict>
							<TDValue><![CDATA[0]]></TDValue>
							<PltValue><![CDATA[0.0]]></PltValue>
							<Tolerance><![CDATA[1.0]]></Tolerance>
						</SignalDetails>
						<SignalDetails>
							<SignalName><![CDATA[DriveOff_B]]></SignalName>
							<SignalVerdict><![CDATA[Pass]]></SignalVerdict>
							<TDValue><![CDATA[0]]></TDValue>
							<PltValue><![CDATA[0.0]]></PltValue>
							<Tolerance><![CDATA[1.0]]></Tolerance>
						</SignalDetails>
						<SignalDetails>
							<SignalName><![CDATA[SsmEna_AVH]]></SignalName>
							<SignalVerdict><![CDATA[Pass]]></SignalVerdict>
							<TDValue><![CDATA[1]]></TDValue>
							<PltValue><![CDATA[1.0]]></PltValue>
							<Tolerance><![CDATA[1.0]]></Tolerance>
						</SignalDetails>
						<SignalDetails>
							<SignalName><![CDATA[SsmVehSecured]]></SignalName>
							<SignalVerdict><![CDATA[Pass]]></SignalVerdict>
							<TDValue><![CDATA[0]]></TDValue>
							<PltValue><![CDATA[0.0]]></PltValue>
							<Tolerance><![CDATA[1.0]]></Tolerance>
						</SignalDetails>
						<SignalDetails>
							<SignalName><![CDATA[DriverOffRequested]]></SignalName>
							<SignalVerdict><![CDATA[Pass]]></SignalVerdict>
							<TDValue><![CDATA[0]]></TDValue>
							<PltValue><![CDATA[0.0]]></PltValue>
							<Tolerance><![CDATA[1.0]]></Tolerance>
						</SignalDetails>
						<SignalDetails>
							<SignalName><![CDATA[SsmTimeUp_B]]></SignalName>
							<SignalVerdict><![CDATA[Pass]]></SignalVerdict>
							<TDValue><![CDATA[0]]></TDValue>
							<PltValue><![CDATA[0.0]]></PltValue>
							<Tolerance><![CDATA[1.0]]></Tolerance>
						</SignalDetails>
						<SignalDetails>
							<SignalName><![CDATA[AvhValidGearSelected]]></SignalName>
							<SignalVerdict><![CDATA[Pass]]></SignalVerdict>
							<TDValue><![CDATA[0]]></TDValue>
							<PltValue><![CDATA[0.0]]></PltValue>
							<Tolerance><![CDATA[1.0]]></Tolerance>
						</SignalDetails>
						<SignalDetails>
							<SignalName><![CDATA[vhcNRollPrevOver_B]]></SignalName>
							<SignalVerdict><![CDATA[Pass]]></SignalVerdict>
							<TDValue><![CDATA[0]]></TDValue>
							<PltValue><![CDATA[0.0]]></PltValue>
							<Tolerance><![CDATA[1.0]]></Tolerance>
						</SignalDetails>
						<SignalDetails>
							<SignalName><![CDATA[trig_StandbyOffTkOver]]></SignalName>
							<SignalVerdict><![CDATA[Pass]]></SignalVerdict>
							<TDValue><![CDATA[0]]></TDValue>
							<PltValue><![CDATA[0.0]]></PltValue>
							<Tolerance><![CDATA[1.0]]></Tolerance>
						</SignalDetails>
						<SignalDetails>
							<SignalName><![CDATA[trig_StandbyOffRelease]]></SignalName>
							<SignalVerdict><![CDATA[Pass]]></SignalVerdict>
							<TDValue><![CDATA[0]]></TDValue>
							<PltValue><![CDATA[0.0]]></PltValue>
							<Tolerance><![CDATA[1.0]]></Tolerance>
						</SignalDetails>
						<SignalDetails>
							<SignalName><![CDATA[FS_AVHReleaseByAPBButton]]></SignalName>
							<SignalVerdict><![CDATA[Pass]]></SignalVerdict>
							<TDValue><![CDATA[0]]></TDValue>
							<PltValue><![CDATA[0.0]]></PltValue>
							<Tolerance><![CDATA[1.0]]></Tolerance>
						</SignalDetails>
						<SignalDetails>
							<SignalName><![CDATA[trig_DeactivateHydHold]]></SignalName>
							<SignalVerdict><![CDATA[Pass]]></SignalVerdict>
							<TDValue><![CDATA[1]]></TDValue>
							<PltValue><![CDATA[1.0]]></PltValue>
							<Tolerance><![CDATA[1.0]]></Tolerance>
						</SignalDetails>
						<SignalDetails>
							<SignalName><![CDATA[trig_DeactivateMechHoldWithPBCRelease]]></SignalName>
							<SignalVerdict><![CDATA[Pass]]></SignalVerdict>
							<TDValue><![CDATA[0]]></TDValue>
							<PltValue><![CDATA[0.0]]></PltValue>
							<Tolerance><![CDATA[1.0]]></Tolerance>
						</SignalDetails>
						<SignalDetails>
							<SignalName><![CDATA[trig_TakeOver]]></SignalName>
							<SignalVerdict><![CDATA[Pass]]></SignalVerdict>
							<TDValue><![CDATA[0]]></TDValue>
							<PltValue><![CDATA[0.0]]></PltValue>
							<Tolerance><![CDATA[1.0]]></Tolerance>
						</SignalDetails>
						<SignalDetails>
							<SignalName><![CDATA[trig_DeactivateMechHold]]></SignalName>
							<SignalVerdict><![CDATA[Pass]]></SignalVerdict>
							<TDValue><![CDATA[0]]></TDValue>
							<PltValue><![CDATA[0.0]]></PltValue>
							<Tolerance><![CDATA[1.0]]></Tolerance>
						</SignalDetails>

					</OutputSignals>
				</TestCase>
				<TestCase>
					<TestCaseName><![CDATA[TM_AVH_TriggerDeactivation_Calc_TC015]]></TestCaseName>
					<TestCaseVerdict><![CDATA[Failed]]></TestCaseVerdict>
					<OutputSignals>
												<SignalDetails>
							<SignalName><![CDATA[ApbButtonRelease_B]]></SignalName>
							<SignalVerdict><![CDATA[Pass]]></SignalVerdict>
							<TDValue><![CDATA[0]]></TDValue>
							<PltValue><![CDATA[0.0]]></PltValue>
							<Tolerance><![CDATA[1.0]]></Tolerance>
						</SignalDetails>
						<SignalDetails>
							<SignalName><![CDATA[AvhState]]></SignalName>
							<SignalVerdict><![CDATA[Failed]]></SignalVerdict>
							<TDValue><![CDATA[AVHState_Inactive]]></TDValue>
							<PltValue><![CDATA[0.0]]></PltValue>
							<Tolerance><![CDATA[1.0]]></Tolerance>
						</SignalDetails>
						<SignalDetails>
							<SignalName><![CDATA[DriverBrakeApplied]]></SignalName>
							<SignalVerdict><![CDATA[Pass]]></SignalVerdict>
							<TDValue><![CDATA[0]]></TDValue>
							<PltValue><![CDATA[0.0]]></PltValue>
							<Tolerance><![CDATA[1.0]]></Tolerance>
						</SignalDetails>
						<SignalDetails>
							<SignalName><![CDATA[DriveOff_B]]></SignalName>
							<SignalVerdict><![CDATA[Pass]]></SignalVerdict>
							<TDValue><![CDATA[0]]></TDValue>
							<PltValue><![CDATA[0.0]]></PltValue>
							<Tolerance><![CDATA[1.0]]></Tolerance>
						</SignalDetails>
						<SignalDetails>
							<SignalName><![CDATA[SsmEna_AVH]]></SignalName>
							<SignalVerdict><![CDATA[Pass]]></SignalVerdict>
							<TDValue><![CDATA[1]]></TDValue>
							<PltValue><![CDATA[1.0]]></PltValue>
							<Tolerance><![CDATA[1.0]]></Tolerance>
						</SignalDetails>
						<SignalDetails>
							<SignalName><![CDATA[SsmVehSecured]]></SignalName>
							<SignalVerdict><![CDATA[Pass]]></SignalVerdict>
							<TDValue><![CDATA[1]]></TDValue>
							<PltValue><![CDATA[1.0]]></PltValue>
							<Tolerance><![CDATA[1.0]]></Tolerance>
						</SignalDetails>
						<SignalDetails>
							<SignalName><![CDATA[DriverOffRequested]]></SignalName>
							<SignalVerdict><![CDATA[Pass]]></SignalVerdict>
							<TDValue><![CDATA[0]]></TDValue>
							<PltValue><![CDATA[0.0]]></PltValue>
							<Tolerance><![CDATA[1.0]]></Tolerance>
						</SignalDetails>
						<SignalDetails>
							<SignalName><![CDATA[SsmTimeUp_B]]></SignalName>
							<SignalVerdict><![CDATA[Pass]]></SignalVerdict>
							<TDValue><![CDATA[0]]></TDValue>
							<PltValue><![CDATA[0.0]]></PltValue>
							<Tolerance><![CDATA[1.0]]></Tolerance>
						</SignalDetails>
						<SignalDetails>
							<SignalName><![CDATA[AvhValidGearSelected]]></SignalName>
							<SignalVerdict><![CDATA[Pass]]></SignalVerdict>
							<TDValue><![CDATA[0]]></TDValue>
							<PltValue><![CDATA[0.0]]></PltValue>
							<Tolerance><![CDATA[1.0]]></Tolerance>
						</SignalDetails>
						<SignalDetails>
							<SignalName><![CDATA[vhcNRollPrevOver_B]]></SignalName>
							<SignalVerdict><![CDATA[Pass]]></SignalVerdict>
							<TDValue><![CDATA[0]]></TDValue>
							<PltValue><![CDATA[0.0]]></PltValue>
							<Tolerance><![CDATA[1.0]]></Tolerance>
						</SignalDetails>
						<SignalDetails>
							<SignalName><![CDATA[trig_StandbyOffTkOver]]></SignalName>
							<SignalVerdict><![CDATA[Pass]]></SignalVerdict>
							<TDValue><![CDATA[0]]></TDValue>
							<PltValue><![CDATA[0.0]]></PltValue>
							<Tolerance><![CDATA[1.0]]></Tolerance>
						</SignalDetails>
						<SignalDetails>
							<SignalName><![CDATA[trig_StandbyOffRelease]]></SignalName>
							<SignalVerdict><![CDATA[Pass]]></SignalVerdict>
							<TDValue><![CDATA[0]]></TDValue>
							<PltValue><![CDATA[0.0]]></PltValue>
							<Tolerance><![CDATA[1.0]]></Tolerance>
						</SignalDetails>
						<SignalDetails>
							<SignalName><![CDATA[FS_AVHReleaseByAPBButton]]></SignalName>
							<SignalVerdict><![CDATA[Pass]]></SignalVerdict>
							<TDValue><![CDATA[0]]></TDValue>
							<PltValue><![CDATA[0.0]]></PltValue>
							<Tolerance><![CDATA[1.0]]></Tolerance>
						</SignalDetails>
						<SignalDetails>
							<SignalName><![CDATA[trig_DeactivateHydHold]]></SignalName>
							<SignalVerdict><![CDATA[Pass]]></SignalVerdict>
							<TDValue><![CDATA[1]]></TDValue>
							<PltValue><![CDATA[1.0]]></PltValue>
							<Tolerance><![CDATA[1.0]]></Tolerance>
						</SignalDetails>
						<SignalDetails>
							<SignalName><![CDATA[trig_DeactivateMechHoldWithPBCRelease]]></SignalName>
							<SignalVerdict><![CDATA[Pass]]></SignalVerdict>
							<TDValue><![CDATA[0]]></TDValue>
							<PltValue><![CDATA[0.0]]></PltValue>
							<Tolerance><![CDATA[1.0]]></Tolerance>
						</SignalDetails>
						<SignalDetails>
							<SignalName><![CDATA[trig_TakeOver]]></SignalName>
							<SignalVerdict><![CDATA[Pass]]></SignalVerdict>
							<TDValue><![CDATA[0]]></TDValue>
							<PltValue><![CDATA[0.0]]></PltValue>
							<Tolerance><![CDATA[1.0]]></Tolerance>
						</SignalDetails>
						<SignalDetails>
							<SignalName><![CDATA[trig_DeactivateMechHold]]></SignalName>
							<SignalVerdict><![CDATA[Pass]]></SignalVerdict>
							<TDValue><![CDATA[1]]></TDValue>
							<PltValue><![CDATA[1.0]]></PltValue>
							<Tolerance><![CDATA[1.0]]></Tolerance>
						</SignalDetails>

					</OutputSignals>
				</TestCase>
				<TestCase>
					<TestCaseName><![CDATA[TM_AVH_TriggerDeactivation_Calc_TC016]]></TestCaseName>
					<TestCaseVerdict><![CDATA[Failed]]></TestCaseVerdict>
					<OutputSignals>
												<SignalDetails>
							<SignalName><![CDATA[ApbButtonRelease_B]]></SignalName>
							<SignalVerdict><![CDATA[Pass]]></SignalVerdict>
							<TDValue><![CDATA[0]]></TDValue>
							<PltValue><![CDATA[0.0]]></PltValue>
							<Tolerance><![CDATA[1.0]]></Tolerance>
						</SignalDetails>
						<SignalDetails>
							<SignalName><![CDATA[AvhState]]></SignalName>
							<SignalVerdict><![CDATA[Failed]]></SignalVerdict>
							<TDValue><![CDATA[AVHState_Deactivation]]></TDValue>
							<PltValue><![CDATA[3.0]]></PltValue>
							<Tolerance><![CDATA[1.0]]></Tolerance>
						</SignalDetails>
						<SignalDetails>
							<SignalName><![CDATA[DriverBrakeApplied]]></SignalName>
							<SignalVerdict><![CDATA[Pass]]></SignalVerdict>
							<TDValue><![CDATA[0]]></TDValue>
							<PltValue><![CDATA[0.0]]></PltValue>
							<Tolerance><![CDATA[1.0]]></Tolerance>
						</SignalDetails>
						<SignalDetails>
							<SignalName><![CDATA[DriveOff_B]]></SignalName>
							<SignalVerdict><![CDATA[Pass]]></SignalVerdict>
							<TDValue><![CDATA[0]]></TDValue>
							<PltValue><![CDATA[0.0]]></PltValue>
							<Tolerance><![CDATA[1.0]]></Tolerance>
						</SignalDetails>
						<SignalDetails>
							<SignalName><![CDATA[SsmEna_AVH]]></SignalName>
							<SignalVerdict><![CDATA[Pass]]></SignalVerdict>
							<TDValue><![CDATA[1]]></TDValue>
							<PltValue><![CDATA[1.0]]></PltValue>
							<Tolerance><![CDATA[1.0]]></Tolerance>
						</SignalDetails>
						<SignalDetails>
							<SignalName><![CDATA[SsmVehSecured]]></SignalName>
							<SignalVerdict><![CDATA[Pass]]></SignalVerdict>
							<TDValue><![CDATA[0]]></TDValue>
							<PltValue><![CDATA[0.0]]></PltValue>
							<Tolerance><![CDATA[1.0]]></Tolerance>
						</SignalDetails>
						<SignalDetails>
							<SignalName><![CDATA[DriverOffRequested]]></SignalName>
							<SignalVerdict><![CDATA[Pass]]></SignalVerdict>
							<TDValue><![CDATA[0]]></TDValue>
							<PltValue><![CDATA[0.0]]></PltValue>
							<Tolerance><![CDATA[1.0]]></Tolerance>
						</SignalDetails>
						<SignalDetails>
							<SignalName><![CDATA[SsmTimeUp_B]]></SignalName>
							<SignalVerdict><![CDATA[Pass]]></SignalVerdict>
							<TDValue><![CDATA[0]]></TDValue>
							<PltValue><![CDATA[0.0]]></PltValue>
							<Tolerance><![CDATA[1.0]]></Tolerance>
						</SignalDetails>
						<SignalDetails>
							<SignalName><![CDATA[AvhValidGearSelected]]></SignalName>
							<SignalVerdict><![CDATA[Pass]]></SignalVerdict>
							<TDValue><![CDATA[0]]></TDValue>
							<PltValue><![CDATA[0.0]]></PltValue>
							<Tolerance><![CDATA[1.0]]></Tolerance>
						</SignalDetails>
						<SignalDetails>
							<SignalName><![CDATA[vhcNRollPrevOver_B]]></SignalName>
							<SignalVerdict><![CDATA[Pass]]></SignalVerdict>
							<TDValue><![CDATA[0]]></TDValue>
							<PltValue><![CDATA[0.0]]></PltValue>
							<Tolerance><![CDATA[1.0]]></Tolerance>
						</SignalDetails>
						<SignalDetails>
							<SignalName><![CDATA[trig_StandbyOffTkOver]]></SignalName>
							<SignalVerdict><![CDATA[Pass]]></SignalVerdict>
							<TDValue><![CDATA[0]]></TDValue>
							<PltValue><![CDATA[0.0]]></PltValue>
							<Tolerance><![CDATA[1.0]]></Tolerance>
						</SignalDetails>
						<SignalDetails>
							<SignalName><![CDATA[trig_StandbyOffRelease]]></SignalName>
							<SignalVerdict><![CDATA[Pass]]></SignalVerdict>
							<TDValue><![CDATA[0]]></TDValue>
							<PltValue><![CDATA[0.0]]></PltValue>
							<Tolerance><![CDATA[1.0]]></Tolerance>
						</SignalDetails>
						<SignalDetails>
							<SignalName><![CDATA[FS_AVHReleaseByAPBButton]]></SignalName>
							<SignalVerdict><![CDATA[Pass]]></SignalVerdict>
							<TDValue><![CDATA[0]]></TDValue>
							<PltValue><![CDATA[0.0]]></PltValue>
							<Tolerance><![CDATA[1.0]]></Tolerance>
						</SignalDetails>
						<SignalDetails>
							<SignalName><![CDATA[trig_DeactivateHydHold]]></SignalName>
							<SignalVerdict><![CDATA[Pass]]></SignalVerdict>
							<TDValue><![CDATA[1]]></TDValue>
							<PltValue><![CDATA[1.0]]></PltValue>
							<Tolerance><![CDATA[1.0]]></Tolerance>
						</SignalDetails>
						<SignalDetails>
							<SignalName><![CDATA[trig_DeactivateMechHoldWithPBCRelease]]></SignalName>
							<SignalVerdict><![CDATA[Pass]]></SignalVerdict>
							<TDValue><![CDATA[0]]></TDValue>
							<PltValue><![CDATA[0.0]]></PltValue>
							<Tolerance><![CDATA[1.0]]></Tolerance>
						</SignalDetails>
						<SignalDetails>
							<SignalName><![CDATA[trig_TakeOver]]></SignalName>
							<SignalVerdict><![CDATA[Pass]]></SignalVerdict>
							<TDValue><![CDATA[0]]></TDValue>
							<PltValue><![CDATA[0.0]]></PltValue>
							<Tolerance><![CDATA[1.0]]></Tolerance>
						</SignalDetails>
						<SignalDetails>
							<SignalName><![CDATA[trig_DeactivateMechHold]]></SignalName>
							<SignalVerdict><![CDATA[Pass]]></SignalVerdict>
							<TDValue><![CDATA[1]]></TDValue>
							<PltValue><![CDATA[1.0]]></PltValue>
							<Tolerance><![CDATA[1.0]]></Tolerance>
						</SignalDetails>

					</OutputSignals>
				</TestCase>
				<TestCase>
					<TestCaseName><![CDATA[TM_AVH_TriggerDeactivation_Calc_TC017]]></TestCaseName>
					<TestCaseVerdict><![CDATA[Failed]]></TestCaseVerdict>
					<OutputSignals>
												<SignalDetails>
							<SignalName><![CDATA[ApbButtonRelease_B]]></SignalName>
							<SignalVerdict><![CDATA[Pass]]></SignalVerdict>
							<TDValue><![CDATA[0]]></TDValue>
							<PltValue><![CDATA[0.0]]></PltValue>
							<Tolerance><![CDATA[1.0]]></Tolerance>
						</SignalDetails>
						<SignalDetails>
							<SignalName><![CDATA[AvhState]]></SignalName>
							<SignalVerdict><![CDATA[Failed]]></SignalVerdict>
							<TDValue><![CDATA[AVHState_MechHold]]></TDValue>
							<PltValue><![CDATA[2.0]]></PltValue>
							<Tolerance><![CDATA[1.0]]></Tolerance>
						</SignalDetails>
						<SignalDetails>
							<SignalName><![CDATA[DriverBrakeApplied]]></SignalName>
							<SignalVerdict><![CDATA[Pass]]></SignalVerdict>
							<TDValue><![CDATA[0]]></TDValue>
							<PltValue><![CDATA[0.0]]></PltValue>
							<Tolerance><![CDATA[1.0]]></Tolerance>
						</SignalDetails>
						<SignalDetails>
							<SignalName><![CDATA[DriveOff_B]]></SignalName>
							<SignalVerdict><![CDATA[Pass]]></SignalVerdict>
							<TDValue><![CDATA[0]]></TDValue>
							<PltValue><![CDATA[0.0]]></PltValue>
							<Tolerance><![CDATA[1.0]]></Tolerance>
						</SignalDetails>
						<SignalDetails>
							<SignalName><![CDATA[SsmEna_AVH]]></SignalName>
							<SignalVerdict><![CDATA[Pass]]></SignalVerdict>
							<TDValue><![CDATA[1]]></TDValue>
							<PltValue><![CDATA[1.0]]></PltValue>
							<Tolerance><![CDATA[1.0]]></Tolerance>
						</SignalDetails>
						<SignalDetails>
							<SignalName><![CDATA[SsmVehSecured]]></SignalName>
							<SignalVerdict><![CDATA[Pass]]></SignalVerdict>
							<TDValue><![CDATA[0]]></TDValue>
							<PltValue><![CDATA[0.0]]></PltValue>
							<Tolerance><![CDATA[1.0]]></Tolerance>
						</SignalDetails>
						<SignalDetails>
							<SignalName><![CDATA[DriverOffRequested]]></SignalName>
							<SignalVerdict><![CDATA[Pass]]></SignalVerdict>
							<TDValue><![CDATA[0]]></TDValue>
							<PltValue><![CDATA[0.0]]></PltValue>
							<Tolerance><![CDATA[1.0]]></Tolerance>
						</SignalDetails>
						<SignalDetails>
							<SignalName><![CDATA[SsmTimeUp_B]]></SignalName>
							<SignalVerdict><![CDATA[Pass]]></SignalVerdict>
							<TDValue><![CDATA[0]]></TDValue>
							<PltValue><![CDATA[0.0]]></PltValue>
							<Tolerance><![CDATA[1.0]]></Tolerance>
						</SignalDetails>
						<SignalDetails>
							<SignalName><![CDATA[AvhValidGearSelected]]></SignalName>
							<SignalVerdict><![CDATA[Pass]]></SignalVerdict>
							<TDValue><![CDATA[0]]></TDValue>
							<PltValue><![CDATA[0.0]]></PltValue>
							<Tolerance><![CDATA[1.0]]></Tolerance>
						</SignalDetails>
						<SignalDetails>
							<SignalName><![CDATA[vhcNRollPrevOver_B]]></SignalName>
							<SignalVerdict><![CDATA[Pass]]></SignalVerdict>
							<TDValue><![CDATA[0]]></TDValue>
							<PltValue><![CDATA[0.0]]></PltValue>
							<Tolerance><![CDATA[1.0]]></Tolerance>
						</SignalDetails>
						<SignalDetails>
							<SignalName><![CDATA[trig_StandbyOffTkOver]]></SignalName>
							<SignalVerdict><![CDATA[Pass]]></SignalVerdict>
							<TDValue><![CDATA[0]]></TDValue>
							<PltValue><![CDATA[0.0]]></PltValue>
							<Tolerance><![CDATA[1.0]]></Tolerance>
						</SignalDetails>
						<SignalDetails>
							<SignalName><![CDATA[trig_StandbyOffRelease]]></SignalName>
							<SignalVerdict><![CDATA[Pass]]></SignalVerdict>
							<TDValue><![CDATA[0]]></TDValue>
							<PltValue><![CDATA[0.0]]></PltValue>
							<Tolerance><![CDATA[1.0]]></Tolerance>
						</SignalDetails>
						<SignalDetails>
							<SignalName><![CDATA[FS_AVHReleaseByAPBButton]]></SignalName>
							<SignalVerdict><![CDATA[Pass]]></SignalVerdict>
							<TDValue><![CDATA[0]]></TDValue>
							<PltValue><![CDATA[0.0]]></PltValue>
							<Tolerance><![CDATA[1.0]]></Tolerance>
						</SignalDetails>
						<SignalDetails>
							<SignalName><![CDATA[trig_DeactivateHydHold]]></SignalName>
							<SignalVerdict><![CDATA[Pass]]></SignalVerdict>
							<TDValue><![CDATA[1]]></TDValue>
							<PltValue><![CDATA[1.0]]></PltValue>
							<Tolerance><![CDATA[1.0]]></Tolerance>
						</SignalDetails>
						<SignalDetails>
							<SignalName><![CDATA[trig_DeactivateMechHoldWithPBCRelease]]></SignalName>
							<SignalVerdict><![CDATA[Pass]]></SignalVerdict>
							<TDValue><![CDATA[0]]></TDValue>
							<PltValue><![CDATA[0.0]]></PltValue>
							<Tolerance><![CDATA[1.0]]></Tolerance>
						</SignalDetails>
						<SignalDetails>
							<SignalName><![CDATA[trig_TakeOver]]></SignalName>
							<SignalVerdict><![CDATA[Pass]]></SignalVerdict>
							<TDValue><![CDATA[0]]></TDValue>
							<PltValue><![CDATA[0.0]]></PltValue>
							<Tolerance><![CDATA[1.0]]></Tolerance>
						</SignalDetails>
						<SignalDetails>
							<SignalName><![CDATA[trig_DeactivateMechHold]]></SignalName>
							<SignalVerdict><![CDATA[Pass]]></SignalVerdict>
							<TDValue><![CDATA[0]]></TDValue>
							<PltValue><![CDATA[0.0]]></PltValue>
							<Tolerance><![CDATA[1.0]]></Tolerance>
						</SignalDetails>

					</OutputSignals>
				</TestCase>

			</TestCases>
		</TestModule>	

	</TestModules>
</Report>